
{
	"favorites" : null,
	"name" : "Player",
	"scores" : 
	{
		"acceleradiant_m_1" : 2.595833301544189,
		"apeirogon_m_1" : 4.8750,
		"g-force_m_1" : 4.179166793823242,
		"pointless_m_1" : 42.75833511352539,
		"slither_m_1" : 16.65416717529297
	},
	"version" : 
	{
		"major" : 2,
		"micro" : 7,
		"minor" : 1
	}
}
