{
	"map" : 
	{
		"center" : [ 753.1573, 161.9818, 620.2106 ],
		"dialogs" : null,
		"environment" : 0,
		"fadestart" : 0.6,
		"hostile" : 1,
		"objects" : 
		[
			[
				6,
				0.0,
				0.0,
				1.241864,
				[ 1017.249, 82.60467, 800.8721 ]
			],
			[
				6,
				-30.0,
				-180.0,
				1.389477,
				[ 1012.872, 83.31706, 785.3943 ]
			],
			[
				6,
				270.0,
				-130.0,
				1.389477,
				[ 1017.284, 81.22136, 819.4505 ]
			],
			[
				6,
				-60.0,
				337.0,
				1.389477,
				[ 1037.03, 82.85715, 808.8145 ]
			],
			[
				6,
				330.0,
				304.0,
				1.389477,
				[ 1038.208, 82.57463, 786.7514 ]
			],
			[
				6,
				-150.0,
				45.0,
				1.389477,
				[ 1057.814, 81.77569, 780.6267 ]
			],
			[
				6,
				60.0,
				-268.0,
				1.389477,
				[ 1047.887, 81.18346, 765.567 ]
			],
			[
				6,
				210.0,
				82.0,
				1.389477,
				[ 1025.048, 84.80837, 757.8088 ]
			],
			[
				6,
				-90.0,
				48.0,
				1.389477,
				[ 1053.695, 80.9603, 743.4109 ]
			],
			[
				6,
				0.0,
				259.0,
				1.389477,
				[ 1074.496, 82.18839, 749.2589 ]
			],
			[
				6,
				90.0,
				8.0,
				1.389477,
				[ 1077.853, 81.91945, 767.1193 ]
			],
			[
				6,
				150.0,
				85.0,
				1.389477,
				[ 1063.517, 82.07323, 798.5739 ]
			],
			[
				6,
				-150.0,
				178.0,
				1.904613,
				[ 1083.838, 82.05893, 788.5001 ]
			],
			[
				6,
				270.0,
				96.0,
				2.948101,
				[ 1079.967, 86.09372, 824.1578 ]
			],
			[
				6,
				120.0,
				-65.0,
				2.459684,
				[ 1122.064, 88.06606, 811.5825 ]
			],
			[
				6,
				-240.0,
				23.0,
				2.188036,
				[ 1111.021, 90.9153, 766.1169 ]
			],
			[
				6,
				-60.0,
				-6.0,
				2.568285,
				[ 1154.033, 86.82214, 760.438 ]
			],
			[
				6,
				-210.0,
				-41.0,
				2.568285,
				[ 1164.076, 92.42777, 809.1018 ]
			],
			[
				6,
				-60.0,
				-269.0,
				2.819336,
				[ 1194.518, 86.89359, 773.2537 ]
			],
			[
				6,
				-120.0,
				237.0,
				2.819336,
				[ 1205.576, 82.5607, 816.5491 ]
			],
			[
				6,
				210.0,
				343.0,
				0.3166418,
				[ 1133.878, 83.45511, 778.2254 ]
			],
			[
				6,
				240.0,
				-96.0,
				0.3166418,
				[ 1133.34, 85.99043, 779.9512 ]
			],
			[
				6,
				60.0,
				-334.0,
				0.3166418,
				[ 1139.941, 85.01698, 796.96 ]
			],
			[
				6,
				-150.0,
				-299.0,
				0.5153358,
				[ 1152.235, 81.32007, 788.4243 ]
			],
			[
				6,
				-300.0,
				137.0,
				0.5153358,
				[ 1167.793, 81.77481, 766.9406 ]
			],
			[
				6,
				330.0,
				-207.0,
				0.4516018,
				[ 1170.993, 80.78506, 747.4521 ]
			],
			[
				6,
				-30.0,
				161.0,
				0.4516018,
				[ 1186.79, 79.63635, 749.1111 ]
			],
			[
				6,
				-330.0,
				5.0,
				0.4516018,
				[ 1190.577, 78.95114, 749.6845 ]
			],
			[
				6,
				-270.0,
				-240.0,
				0.4516018,
				[ 1196.508, 78.77376, 750.4756 ]
			],
			[
				6,
				330.0,
				-194.0,
				0.4516018,
				[ 1199.923, 78.91681, 749.0078 ]
			],
			[
				6,
				-90.0,
				248.0,
				0.4516018,
				[ 1092.151, 81.45883, 758.505 ]
			],
			[
				6,
				-270.0,
				74.0,
				0.4516018,
				[ 1092.817, 81.53894, 758.3444 ]
			],
			[
				6,
				-240.0,
				325.0,
				0.5203669,
				[ 1092.817, 81.53894, 758.3444 ]
			],
			[
				6,
				-240.0,
				-190.0,
				0.5203669,
				[ 1068.322, 82.11829, 765.5214 ]
			],
			[
				6,
				-240.0,
				-319.0,
				0.5203669,
				[ 1057.835, 81.50246, 754.0476 ]
			],
			[
				6,
				30.0,
				67.0,
				0.5203669,
				[ 1043.041, 81.93733, 749.7135 ]
			],
			[
				6,
				180.0,
				-12.0,
				0.5203669,
				[ 1033.317, 82.51955, 740.9826 ]
			],
			[
				6,
				-270.0,
				-163.0,
				0.5203669,
				[ 1021.411, 85.01437, 747.5978 ]
			],
			[
				6,
				150.0,
				-163.0,
				0.5203669,
				[ 1025.177, 83.62462, 791.3801 ]
			],
			[
				6,
				-240.0,
				-313.0,
				0.5203669,
				[ 1106.029, 81.97596, 794.3271 ]
			],
			[
				6,
				-30.0,
				-29.0,
				0.5203669,
				[ 1101.673, 82.17337, 804.584 ]
			],
			[
				6,
				180.0,
				-79.0,
				2.518821,
				[ 1233.728, 79.65563, 781.4857 ]
			],
			[
				6,
				-90.0,
				12.0,
				2.518821,
				[ 1178.441, 91.83224, 731.3359 ]
			],
			[
				6,
				-180.0,
				24.0,
				2.518821,
				[ 1212.327, 85.3403, 734.6163 ]
			],
			[
				6,
				330.0,
				181.0,
				2.518821,
				[ 1257.71, 80.29629, 747.4137 ]
			],
			[
				6,
				-30.0,
				-294.0,
				2.518821,
				[ 1253.218, 79.55162, 821.899 ]
			],
			[
				6,
				-240.0,
				-8.0,
				2.518821,
				[ 1145.804, 99.76385, 851.3657 ]
			],
			[
				6,
				-120.0,
				-285.0,
				2.518821,
				[ 1185.548, 93.78959, 858.4946 ]
			],
			[
				6,
				0.0,
				317.0,
				2.518821,
				[ 1093.424, 98.64065, 874.7811 ]
			],
			[
				6,
				0.0,
				301.0,
				1.394282,
				[ 1106.567, 87.37571, 840.8952 ]
			],
			[
				6,
				-180.0,
				-255.0,
				1.394282,
				[ 1120.818, 85.28228, 852.8688 ]
			],
			[
				6,
				-90.0,
				327.0,
				1.394282,
				[ 1125.552, 90.79317, 744.9457 ]
			],
			[
				6,
				300.0,
				-307.0,
				1.298148,
				[ 1272.287, 72.01658, 777.193 ]
			],
			[
				6,
				-330.0,
				-245.0,
				1.298148,
				[ 1284.494, 72.91884, 800.8659 ]
			]
		],
		"players" : 
		[
			{
				"armor" : 
				{
					"head" : 1.0,
					"high" : 1.0,
					"low" : 1.0
				},
				"clothes" : 
				[
					{
						"path" : "Textures/Fur.jpg",
						"tintb" : 1.0,
						"tintg" : 1.0,
						"tintr" : 1.0
					},
					{
						"path" : "Textures/HeadBand.png",
						"tintb" : 1.0,
						"tintg" : 1.0,
						"tintr" : 1.0
					},
					{
						"path" : "Textures/FancyPantsCamoArctic.png",
						"tintb" : 1.0,
						"tintg" : 1.0,
						"tintr" : 1.0
					},
					{
						"path" : "Textures/FancyPantsCamoArctic.png",
						"tintb" : 1.0,
						"tintg" : 1.0,
						"tintr" : 1.0
					},
					{
						"path" : "Textures/LeatherArmor.png",
						"tintb" : 0.5,
						"tintg" : 0.5,
						"tintr" : 0.5
					}
				],
				"coords" : [ 1193.473, 104.6649, 779.7938 ],
				"creature" : 0,
				"metal" : 
				{
					"head" : false,
					"high" : false,
					"low" : false
				},
				"power" : 1.111111,
				"protection" : 
				{
					"head" : 1.0,
					"high" : 1.0,
					"low" : 1.0
				},
				"speedmult" : 1.0,
				"targetyaw" : -396.8081,
				"whichskin" : 0,
				"yaw" : -395.9086
			},
			{
				"armor" : 
				{
					"head" : 1.0,
					"high" : 1.0,
					"low" : 1.0
				},
				"coords" : [ 1106.113, 96.15885, 839.4227 ],
				"creature" : 1,
				"howactive" : 0,
				"immobile" : false,
				"metal" : 
				{
					"head" : false,
					"high" : false,
					"low" : false
				},
				"power" : 1.111111,
				"proportions" : [ 1.0, 0.9999999, 1.0, 1.0 ],
				"protection" : 
				{
					"head" : 1.0,
					"high" : 1.0,
					"low" : 1.0
				},
				"scale" : 0.23,
				"speedmult" : 1.0,
				"waypoint" : 0,
				"whichskin" : 2,
				"yaw" : -2331.778
			},
			{
				"armor" : 
				{
					"head" : 1.0,
					"high" : 1.0,
					"low" : 1.0
				},
				"coords" : [ 1188.843, 82.27158, 745.4105 ],
				"creature" : 1,
				"howactive" : 0,
				"immobile" : false,
				"metal" : 
				{
					"head" : false,
					"high" : false,
					"low" : false
				},
				"power" : 1.111111,
				"proportions" : [ 1.0, 0.9999999, 1.0, 1.0 ],
				"protection" : 
				{
					"head" : 1.0,
					"high" : 1.0,
					"low" : 1.0
				},
				"scale" : 0.23,
				"speedmult" : 1.0,
				"waypoint" : 1,
				"waypoints" : 
				[
					{
						"pos" : [ 1186.83, 83.45103, 744.524 ],
						"type" : 0
					},
					{
						"pos" : [ 1208.678, 80.97482, 752.3665 ],
						"type" : 0
					},
					{
						"pos" : [ 1213.135, 77.13532, 774.2269 ],
						"type" : 0
					},
					{
						"pos" : [ 1212.346, 75.4087, 782.5171 ],
						"type" : 0
					},
					{
						"pos" : [ 1216.786, 73.55332, 791.2637 ],
						"type" : 0
					},
					{
						"pos" : [ 1234.07, 74.69344, 801.0257 ],
						"type" : 0
					},
					{
						"pos" : [ 1254.19, 73.42315, 796.7703 ],
						"type" : 0
					},
					{
						"pos" : [ 1258.863, 75.28782, 773.7786 ],