{
	"map" : 
	{
		"center" : [ 743.1896, 87.99147, 709.3239 ],
		"dialogs" : null,
		"environment" : 0,
		"fadestart" : 0.6,
		"hostile" : 1,
		"hotspots" : 
		[
			{
				"position" : [ 777.4163, 109.8655, 578.1954 ],
				"size" : 30.0,
				"text" : "                                                                                                                                                                                                                                                      \r",
				"type" : -1
			},
			{
				"position" : [ 776.8896, 109.8568, 579.9345 ],
				"size" : 30.0,
				"text" : "                                                                                                                                                                                                                                                    \r",
				"type" : -1
			}
		],
		"objects" : 
		[
			[
				1,
				0.0,
				0.0,
				2.731533,
				[ 724.4925, 89.03314, 739.5453 ]
			],
			[
				0,
				0.0,
				0.0,
				1.130284,
				[ 718.5569, 103.8184, 680.9048 ]
			],
			[
				0,
				0.0,
				0.0,
				0.494623,
				[ 719.5578, 117.1549, 667.2795 ]
			],
			[
				0,
				0.0,
				0.0,
				0.157258,
				[ 723.3212, 108.7002, 676.0526 ]
			],
			[
				6,
				0.0,
				0.0,
				0.535996,
				[ 724.5482, 108.721, 674.1497 ]
			],
			[
				9,
				0.0,
				0.0,
				0.5859618,
				[ 754.9895, 117.5009, 626.4457 ]
			],
			[
				1,
				0.0,
				0.0,
				2.402141,
				[ 776.3246, 121.9574, 586.4703 ]
			],
			[
				6,
				30.0,
				0.0,
				0.2386347,
				[ 707.4179, -391.1588, 722.3849 ]
			],
			[
				6,
				-240.0,
				0.0,
				0.2386347,
				[ 706.1235, 108.8542, 730.1934 ]
			],
			[
				6,
				-150.0,
				0.0,
				0.2386347,
				[ 706.0428, 108.7825, 737.8574 ]
			],
			[
				6,
				150.0,
				0.0,
				0.2386347,
				[ 705.9734, 109.3034, 744.4212 ]
			],
			[
				6,
				-60.0,
				0.0,
				0.2386347,
				[ 705.3501, 109.8163, 752.3613 ]
			],
			[
				6,
				300.0,
				0.0,
				0.2386347,
				[ 707.0403, 109.8197, 722.9943 ]
			],
			[
				6,
				240.0,
				0.0,
				0.2386347,
				[ 743.0175, 109.4964, 722.4952 ]
			],
			[
				6,
				0.0,
				0.0,
				0.2386347,
				[ 742.8488, -390.9465, 726.9765 ]
			],
			[
				6,
				300.0,
				0.0,
				0.2386347,
				[ 742.6201, -390.2071, 732.784 ]
			],
			[
				6,
				180.0,
				0.0,
				0.2386347,
				[ 742.2643, -390.7785, 740.6056 ]
			],
			[
				6,
				-60.0,
				0.0,
				0.2386347,
				[ 741.6533, -391.1341, 754.051 ]
			],
			[
				6,
				-120.0,
				0.0,
				0.2386347,
				[ 741.5545, 109.5363, 730.4639 ]
			],
			[
				6,
				90.0,
				0.0,
				0.2386347,
				[ 741.716, 110.4194, 737.8423 ]
			],
			[
				6,
				-330.0,
				0.0,
				0.2386347,
				[ 742.3448, 110.6138, 745.9574 ]
			],
			[
				6,
				-90.0,
				0.0,
				0.2386347,
				[ 742.2759, 109.7779, 753.1357 ]
			],
			[
				6,
				120.0,
				0.0,
				0.2386347,
				[ 714.3827, 110.2384, 682.0453 ]
			],
			[
				6,
				60.0,
				0.0,
				0.2386347,
				[ 713.1364, 110.1091, 678.5896 ]
			],
			[
				6,
				-330.0,
				0.0,
				0.2386347,
				[ 719.5634, 111.1202, 686.7017 ]
			],
			[
				6,
				-30.0,
				0.0,
				0.2386347,
				[ 716.7909, 119.6074, 664.5643 ]
			],
			[
				6,
				-240.0,
				0.0,
				0.2386347,
				[ 715.2335, 111.9584, 665.6544 ]
			],
			[
				3,
				300.0,
				0.0,
				0.2386347,
				[ 747.3982, 114.3662, 619.1387 ]
			],
			[
				4,
				-118.0,
				0.0,
				1.0,
				[ 747.3982, 114.3662, 619.1387 ]
			],
			[
				3,
				-330.0,
				0.0,
				0.2386347,
				[ 749.808, 114.4083, 619.1855 ]
			],
			[
				4,
				-49.0,
				0.0,
				1.0,
				[ 749.808, 114.4083, 619.1855 ]
			],
			[
				3,
				-210.0,
				0.0,
				0.2386347,
				[ 752.6786, 114.4584, 619.2606 ]
			],
			[
				4,
				-244.0,
				0.0,
				1.0,
				[ 752.6786, 114.4584, 619.2606 ]
			],
			[
				3,
				210.0,
				0.0,
				0.2386347,
				[ 756.058, 114.5174, 619.3489 ]
			],
			[
				4,
				163.0,
				0.0,
				1.0,
				[ 756.058, 114.5174, 619.3489 ]
			],
			[
				3,
				-300.0,
				0.0,
				0.2386347,
				[ 762.049, 114.6219, 619.3044 ]
			],
			[
				4,
				279.0,
				0.0,
				1.0,
				[ 762.049, 114.6219, 619.3044 ]
			],
			[
				3,
				-120.0,
				0.0,
				0.2386347,
				[ 759.4133, 114.5759, 619.0778 ]
			],
			[
				4,
				98.0,
				0.0,
				1.0,
				[ 759.4133, 114.5759, 619.0778 ]
			],
			[
				3,
				-180.0,
				0.0,
				0.2386347,
				[ 762.8357, 114.6367, 622.5997 ]
			],
			[
				4,
				264.0,
				0.0,
				1.0,
				[ 762.8357, 114.6367, 622.5997 ]
			],
			[
				3,
				30.0,
				0.0,
				0.2386347,
				[ 762.6476, 114.6342, 625.35 ]
			],
			[
				4,
				346.0,
				0.0,
				1.0,
				[ 762.6476, 114.6342, 625.35 ]
			],
			[
				3,
				-300.0,
				0.0,
				0.2386347,
				[ 762.4853, 114.6323, 628.2513 ]
			],
			[
				4,
				-13.0,
				0.0,
				1.0,
				[ 762.4853, 114.6323, 628.2513 ]
			],
			[
				3,
				30.0,
				0.0,
				0.2386347,
				[ 762.4827, 114.6331, 631.1159 ]
			],
			[
				4,
				-100.0,
				0.0,
				1.0,
				[ 762.4827, 114.6331, 631.1159 ]
			],
			[
				3,
				-60.0,
				0.0,
				0.2386347,
				[ 762.2352, 114.6295, 633.6716 ]
			],
			[
				4,
				-47.0,
				0.0,
				1.0,
				[ 762.2352, 114.6295, 633.6716 ]
			],
			[
				3,
				-30.0,
				0.0,
				0.2386347,
				[ 759.6042, 114.5839, 634.5222 ]
			],
			[
				4,
				-162.0,
				0.0,
				1.0,
				[ 759.6042, 114.5839, 634.5222 ]
			],
			[
				3,
				-240.0,
				0.0,
				0.2386347,
				[ 756.3339, 114.5209, 634.4415 ]
			],
			[
				4,
				-6.0,
				0.0,
				1.0,
				[ 756.3339, 114.5209, 634.4415 ]
			],
			[
				3,
				-180.0,
				0.0,
				0.2386347,
				[ 753.0204, 114.4689, 634.291 ]
			],
			[
				4,
				301.0,
				0.0,
				1.0,
				[ 753.0204, 114.4689, 634.291 ]
			],
			[
				3,
				-60.0,
				0.0,
				0.2386347,
				[ 749.8282, 114.4132, 634.1462 ]
			],
			[
				4,
				-313.0,
				0.0,
				1.0,
				[ 749.8282, 114.4132, 634.1462 ]
			],
			[
				3,
				-60.0,
				0.0,
				0.2386347,
				[ 747.4112, 114.3709, 634.0366 ]
			],
			[
				4,
				-177.0,
				0.0,
				1.0,
				[ 747.4112, 114.3709, 634.0366 ]
			],
			[
				3,
				0.0,
				0.0,
				0.2386347,
				[ 746.8546, 114.3603, 630.9316 ]
			],
			[
				4,
				94.0,
				0.0,
				1.0,
				[ 746.8546, 114.3603, 630.9316 ]
			],
			[
				3,
				330.0,
				0.0,
				0.2386347,
				[ 746.7922, 114.3584, 628.1907 ]
			],
			[
				4,
				182.0,
				0.0,
				1.0,
				[ 746.7922, 114.3584, 628.1907 ]
			],
			[
				3,
				270.0,
				0.0,
				0.2386347,
				[ 746.8289, 114.3582, 625.5529 ]
			],
			[
				4,
				-258.0,
				0.0,
				1.0,
				[ 746.8289, 114.3582, 625.5529 ]
			],
			[
				3,
				0.0,
				0.0,
				0.1404818,
				[ 788.2661, 106.1967, 601.0349 ]
			],
			[
				4,
				165.0,
				0.0,
				1.0,
				[ 788.2661, 106.1967, 601.0349 ]
			],
			[
				3,
				0.0,
				0.0,
				0.1404818,
				[ 787.1656, 106.1772, 600.2092 ]
			],
			[
				4,
				217.0,
				0.0,
				1.0,
				[ 787.1656, 106.1772, 600.2092 ]
			],
			[
				3,
				0.0,
				0.0,
				0.2136281,
				[ 785.0101, 106.139, 598.3345 ]
			],
			[
				9,
				0.0,
				0.0,
				0.6631065,
				[ 776.6439, 109.8525, 579.9484 ]
			],
			[
				0,
				0.0,
				0.0,
				0.2463167,
				[ 768.0773, -391.5693, 572.6537 ]
			],
			[
				0,
				0.0,
				0.0,
				0.2463167,
				[ 767.9787, 108.4476, 588.6827 ]
			],
			[
				0,
				0.0,
				0.0,
				0.2463167,
				[ 785.6054, 108.9773, 588.7249 ]
			],
			[
				0,
				0.0,
				0.0,
				0.2463167,
				[ 785.4672, 109.0273, 571.9254 ]
			],
			[
				0,
				0.0,
				0.0,
				0.2463167,
				[ 768.3537, 108.5381, 572.507 ]
			],
			[
				3,
				0.0,
				0.0,
				0.3726295,
				[ 768.0624, 108.891, 572.9929 ]
			],
			[
				4,
				216.0,
				0.0,
				1.0,
				[ 768.0624, 108.891, 572.9929 ]
			],
			[
				3,
				0.0,
				0.0,
				0.3726295,
				[ 785.3541, 109.3918, 572.3782 ]
			],
			[
				4,
				243.0,
				0.0,
				1.0,
				[ 785.3541, 109.3918, 572.3782 ]
			],
			[
				3,
				0.0,
				0.0,
				0.3726295,
