{
	"map" : 
	{
		"center" : [ 763.2858, 71.14375, 986.1272 ],
		"dialogs" : null,
		"environment" : 1,
		"fadestart" : 0.6,
		"hostile" : 1,
		"hotspots" : 
		[
			{
				"position" : [ 798.1162, 68.94597, 984.8932 ],
				"size" : 0.0,
				"text" : "mapname",
				"type" : -111
			}
		],
		"objects" : 
		[
			[
				8,
				0.0,
				0.0,
				4.379394,
				[ 737.2791, 91.11819, 967.2667 ]
			],
			[
				9,
				0.0,
				0.0,
				4.379394,
				[ 739.7671, 93.19287, 970.483 ]
			],
			[
				11,
				90.0,
				48.0,
				0.6688137,
				[ 721.8067, -410.1219, 966.0073 ]
			],
			[
				9,
				0.0,
				0.0,
				0.7403004,
				[ 741.3281, 97.23703, 967.754 ]
			],
			[
				6,
				0.0,
				0.0,
				0.7581682,
				[ 729.6103, 90.01159, 957.2822 ]
			],
			[
				6,
				0.0,
				0.0,
				0.7581682,
				[ 730.4041, 90.0322, 979.4682 ]
			],
			[
				6,
				0.0,
				0.0,
				0.7581682,
				[ 752.9075, 90.425, 979.6811 ]
			],
			[
				6,
				0.0,
				0.0,
				0.7581682,
				[ 753.0735, 90.42076, 956.2418 ]
			],
			[
				0,
				0.0,
				0.0,
				0.2432286,
				[ 731.358, -402.6341, 977.318 ]
			],
			[
				0,
				0.0,
				0.0,
				0.2432286,
				[ 749.7678, -403.3846, 977.2679 ]
			],
			[
				0,
				0.0,
				0.0,
				0.2432286,
				[ 733.1132, -403.0455, 976.9284 ]
			],
			[
				0,
				0.0,
				0.0,
				0.2432286,
				[ 732.1034, 96.20802, 958.428 ]
			],
			[
				0,
				0.0,
				0.0,
				0.2432286,
				[ 731.6947, 96.31084, 977.304 ]
			],
			[
				0,
				0.0,
				0.0,
				0.2432286,
				[ 751.1605, 96.69753, 958.7631 ]
			],
			[
				0,
				0.0,
				0.0,
				0.2432286,
				[ 750.2047, 96.81852, 976.92 ]
			],
			[
				3,
				0.0,
				0.0,
				0.5002697,
				[ 750.4854, 96.82842, 976.5892 ]
			],
			[
				4,
				357.0,
				0.0,
				1.0,
				[ 750.4854, 96.82842, 976.5892 ]
			],
			[
				3,
				0.0,
				0.0,
				0.5002697,
				[ 731.8966, 96.456, 977.4285 ]
			],
			[
				4,
				-340.0,
				0.0,
				1.0,
				[ 731.8966, 96.456, 977.4285 ]
			],
			[
				3,
				0.0,
				0.0,
				0.5002697,
				[ 731.7593, 96.44641, 958.6802 ]
			],
			[
				4,
				-208.0,
				0.0,
				1.0,
				[ 731.7593, 96.44641, 958.6802 ]
			],
			[
				3,
				0.0,
				0.0,
				0.5002697,
				[ 750.764, 96.81622, 958.3927 ]
			],
			[
				4,
				-317.0,
				0.0,
				1.0,
				[ 750.764, 96.81622, 958.3927 ]
			],
			[
				11,
				270.0,
				57.0,
				0.3725517,
				[ 752.8694, 96.76968, 967.4725 ]
			],
			[
				9,
				270.0,
				0.0,
				0.1721774,
				[ 760.3032, 111.5166, 967.7955 ]
			]
		],
		"pathpoints" : 
		[
			{
				"connect" : [ 1 ],
				"pos" : [ 750.1013, 77.34669, 980.3307 ]
			},
			{
				"connect" : [ 2, 17 ],
				"pos" : [ 738.304, 77.14048, 979.2891 ]
			},
			{
				"connect" : [ 3 ],
				"pos" : [ 737.7369, 77.1348, 993.1543 ]
			},
			{
				"connect" : [ 0, 4 ],
				"pos" : [ 751.3038, 77.37153, 992.9796 ]
			},
			{
				"connect" : [ 5 ],
				"pos" : [ 761.6611, 71.37966, 1008.542 ]
			},
			{
				"connect" : [ 6 ],
				"pos" : [ 777.9169, 69.08012, 1015.281 ]
			},
			{
				"connect" : [ 7 ],
				"pos" : [ 777.273, 68.27831, 1029.94 ]
			},
			{
				"connect" : [ 8 ],
				"pos" : [ 768.2388, 68.9764, 1031.515 ]
			},
			{
				"connect" : [ 9 ],
				"pos" : [ 758.7535, 69.60869, 1032.085 ]
			},
			{
				"connect" : [ 13 ],
				"pos" : [ 745.4498, 69.60011, 1031.661 ]
			},
			{
				"connect" : [ 11 ],
				"pos" : [ 731.6756, 70.31822, 1031.142 ]
			},
			{
				"connect" : [ 12 ],
				"pos" : [ 721.4785, 71.25235, 1033.046 ]
			},
			{
				"connect" : [ 10 ],
				"pos" : [ 710.4067, 72.01338, 1035.46 ]
			},
			{
				"connect" : [ 14 ],
				"pos" : [ 701.3514, 72.59988, 1028.122 ]
			},
			{
				"connect" : [ 15 ],
				"pos" : [ 706.1307, 71.4283, 1014.282 ]
			},
			{
				"connect" : [ 16 ],
				"pos" : [ 719.546, 71.42043, 1013.799 ]
			},
			{
				"connect" : [ 2 ],
				"pos" : [ 734.2233, 73.80009, 998.2414 ]
			},
			{
				"connect" : [ 18 ],
				"pos" : [ 713.3758, 72.50548, 977.0562 ]
			},
			{
				"connect" : [ 19 ],
				"pos" : [ 707.6249, 72.04056, 959.22 ]
			},
			{
				"connect" : [ 20 ],
				"pos" : [ 718.5798, 73.35519, 952.4514 ]
			},
			{
				"connect" : [ 21 ],
				"pos" : [ 732.9166, 74.04256, 951.5774 ]
			},
			{
				"connect" : [ 22 ],
				"pos" : [ 749.7439, 73.84515, 953.5486 ]
			},
			{
				"connect" : [ 23 ],
				"pos" : [ 766.1055, 74.17274, 956.2771 ]
			},
			{
				"connect" : [ 24 ],
				"pos" : [ 780.9577, 73.70424, 959.7332 ]
			},
			{
				"connect" : [ 25 ],
				"pos" : [ 782.2873, 72.63779, 969.3362 ]
			},
			{
				"connect" : [ 26 ],
				"pos" : [ 773.5886, 72.68571, 971.1421 ]
			},
			{
				"connect" : [ 0 ],
				"pos" : [ 757.7092, 72.77084, 971.4855 ]
			}
		],
		"players" : 
		[
			{
				"armor" : 
				{
					"head" : 1.0,
					"high" : 1.0,
					"low" : 1.0
				},
				"clothes" : 
				[
					{
						"path" : "Textures/Fur2.png",
						"tintb" : 0.4,
						"tintg" : 0.4,
						"tintr" : 0.4
					},
					{
						"path" : "Textures/LeatherArmor.png",
						"tintb" : 0.0,
						"tintg" : 0.0,
						"tintr" : 0.4
					},
					{
						"path" : "Textures/LeatherWristRight.png",
						"tintb" : 0.0,
						"tintg" : 0.0,
						"tintr" : 0.5
					},
					{
						"path" : "Textures/FootWrap.png",
						"tintb" : 0.0,
						"tintg" : 0.0,
						"tintr" : 0.1
					},
					{
						"path" : "Textures/Pants.png",
						"tintb" : 0.0,
						"tintg" : 0.0,
						"tintr" : 0.0
					}
				],
				"coords" : [ 715.0682, 92.76064, 966.647 ],
				"creature" : 0,
				"metal" : 
				{
					"head" : false,
					"high" : false,
					"low" : false
				},
				"power" : 1.111111,
				"protection" : 
				{
					"head" : 1.0,
					"high" : 1.0,
					"low" : 1.0
				},
				"speedmult" : 1.0,
				"targetyaw" : 4765.871,
				"whichskin" : 0,
				"yaw" : 4766.569
			},
			{
				"armor" : 
				{
					"head" : 1.0,
					"high" : 1.0,
					"low" : 1.0
				},
				"coords" : [ 745.8342, 93.29195, 948.2112 ],
				"creature" : 1,
				"howactive" : 0,
				"immobile" : false,
				"metal" : 
				{
					"head" : false,
					"high" : false,
					"low" : false
				},
				"power" : 1.111111,
				"proportions" : [ 1.0, 0.9999999, 1.0, 1.0 ],
				"protection" : 
				{
					"head" : 1.0,
					"high" : 1.0,
					"low" : 1.0
				},
				"scale" : 0.23,
				"speedmult" : 1.0,
				"waypoint" : 1,
				"waypoints" : 
				[
					{
						"pos" : [ 746.8418, 93.30951, 948.0614 ],
						"type" : 0
					},
					{
						"pos" : [ 721.3951, 92.8656, 948.6946 ],
						"type" : 0
					},
					{
						"pos" : [ 720.9476, 92.86196, 962.4089 ],
						"type" : 0
					},
					{
						"pos" : [ 723.5197, 92.90386, 952.5933 ],
						"type" : 0
					}
				],
				"whichskin" : 0,
				"yaw" : -88.53294
			},
			{
				"armor" : 
				{
					"head" : 1.0,
					"high" : 1.0,
					"low" : 1.0
				},
				"coords" : [ 741.9397, 93.23576, 986.8355 ],
				"creature" : 1,
				"howactive" : 0,
				"immobile" : false,
				"metal" : 
				{
					"head" : false,
					"high" : false,
					"low" : false
				},
				"power" : 1.111111,
				"proportions" : [ 1.0, 0.9999999, 1.0, 1.0 ],
				"protection" : 
				{
					"head" : 1.0,
					"high" : 1.0,
					"low" : 1.0
				},
				"scale" : 0.23,
				"speedmult" : 1.0,
				"waypoint" : 1,
				"waypoints" : 
				[
					{
						"pos" : [ 742.3511, 93.243, 987.0348 ],
						"type" : 0
					},
					{
						"pos" : [ 720.1795, 92.85575, 986.0338 ],
						"type" : 0
					},
					{
						"pos" : [ 720.6497, 92.85954, 971.5119 ],
						"type" : 0
					},
					{
						"pos" : [ 723.5988, 92.91483, 984.0899 ],
						"type" : 0
					}
				],
				"whichskin" : 2,
				"yaw" : 267.7086
			},
			{
				"armor" : 
				{
					"head" : 1.0,
					"high" : 1.0,
					"low" : 1.0
				},
				"coords" : [ 741.9987, 97.24871, 967.6948 ],
				"creature" : 1,
				"howactive" : 0,
				"immobile" : false,
				"metal" : 
				{
					"head" : false,
					"high" : false,
					"low" : false
				},
				"power" : 1.111111,
				"proportions" : [ 1.0, 0.9999999, 1.0, 1.0 ],
				"protection" : 
				{
					"head" : 1.0,