{
	"map" : 
	{
		"center" : [ 763.2858, 71.14375, 986.1272 ],
		"dialogs" : null,
		"environment" : 1,
		"fadestart" : 0.6,
		"hostile" : 1,
		"hotspots" : 
		[
			{
				"position" : [ 798.1162, 68.94597, 984.8932 ],
				"size" : 0.0,
				"text" : "mapname",
				"type" : -111
			}
		],
		"objects" : 
		[
			[
				8,
				0.0,
				0.0,
				4.840564,
				[ 761.0958, 170.2561, 982.4759 ]
			],
			[
				9,
				0.0,
				0.0,
				3.474367,
				[ 761.0958, 75.81028, 982.4759 ]
			],
			[
				11,
				0.0,
				0.0,
				0.7337179,
				[ 774.9295, 185.2852, 991.6741 ]
			],
			[
				0,
				0.0,
				0.0,
				0.5188633,
				[ 760.1857, 190.5726, 1004.361 ]
			],
			[
				0,
				0.0,
				0.0,
				0.5188633,
				[ 748.0983, 189.7816, 982.0245 ]
			],
			[
				0,
				0.0,
				0.0,
				0.5188633,
				[ 735.1981, 199.9393, 958.2518 ]
			],
			[
				0,
				0.0,
				0.0,
				0.5733817,
				[ 736.7181, 200.2385, 983.7707 ]
			],
			[
				0,
				0.0,
				0.0,
				0.2012651,
				[ 739.5866, -309.0898, 994.8159 ]
			],
			[
				0,
				0.0,
				0.0,
				0.2012651,
				[ 735.7015, 197.8986, 1002.701 ]
			],
			[
				0,
				0.0,
				0.0,
				0.2012651,
				[ 759.0666, 207.2522, 969.8141 ]
			],
			[
				0,
				0.0,
				0.0,
				0.2012651,
				[ 762.5676, 214.8978, 984.7612 ]
			],
			[
				9,
				0.0,
				0.0,
				0.5219094,
				[ 766.074, 218.2419, 1003.954 ]
			],
			[
				2,
				0.0,
				0.0,
				0.7081107,
				[ 760.9992, 72.81448, 1001.832 ]
			],
			[
				2,
				0.0,
				0.0,
				0.7081107,
				[ 753.4978, 72.68293, 999.7383 ]
			],
			[
				2,
				0.0,
				0.0,
				0.7081107,
				[ 758.063, 72.76109, 994.7755 ]
			],
			[
				2,
				0.0,
				0.0,
				0.7081107,
				[ 760.9999, 72.81024, 987.8641 ]
			],
			[
				2,
				0.0,
				0.0,
				0.7081107,
				[ 768.2636, 72.93861, 993.0982 ]
			],
			[
				2,
				0.0,
				0.0,
				0.7081107,
				[ 774.5653, 73.04934, 995.582 ]
			],
			[
				2,
				0.0,
				0.0,
				0.7081107,
				[ 783.6314, 73.20874, 999.4215 ]
			],
			[
				2,
				0.0,
				0.0,
				0.7081107,
				[ 784.1315, 73.2142, 988.7166 ]
			],
			[
				2,
				0.0,
				0.0,
				0.7081107,
				[ 781.9995, 73.17419, 979.5289 ]
			],
			[
				2,
				0.0,
				0.0,
				0.7081107,
				[ 771.314, 72.98885, 983.2849 ]
			],
			[
				2,
				0.0,
				0.0,
				0.7081107,
				[ 772.6325, 73.00953, 975.6204 ]
			],
			[
				2,
				0.0,
				0.0,
				0.7081107,
				[ 762.9915, 72.8398, 970.7746 ]
			],
			[
				2,
				0.0,
				0.0,
				0.7107072,
				[ 750.9107, 72.62965, 973.0333 ]
			],
			[
				2,
				0.0,
				0.0,
				0.7107072,
				[ 750.5864, 72.62638, 980.8959 ]
			],
			[
				2,
				0.0,
				0.0,
				0.7107072,
				[ 756.3956, 72.72348, 966.8329 ]
			],
			[
				2,
				0.0,
				0.0,
				0.7107072,
				[ 759.2012, 72.77073, 961.1912 ]
			],
			[
				2,
				0.0,
				0.0,
				0.7107072,
				[ 764.9294, 72.87074, 961.3024 ]
			],
			[
				2,
				0.0,
				0.0,
				0.7107072,
				[ 770.5183, 72.96933, 964.7651 ]
			],
			[
				2,
				0.0,
				0.0,
				0.7107072,
				[ 776.2839, 73.07071, 967.2621 ]
			],
			[
				2,
				0.0,
				0.0,
				0.7107072,
				[ 782.6099, 73.18288, 973.0748 ]
			],
			[
				2,
				0.0,
				0.0,
				0.7107072,
				[ 784.3823, 73.19585, 979.7457 ]
			],
			[
				2,
				0.0,
				0.0,
				0.7107072,
				[ 788.1195, 73.28272, 985.1587 ]
			],
			[
				2,
				0.0,
				0.0,
				0.7107072,
				[ 779.7943, 73.14122, 997.625 ]
			],
			[
				2,
				0.0,
				0.0,
				0.7107072,
				[ 778.1058, 73.10996, 991.7487 ]
			],
			[
				2,
				0.0,
				0.0,
				0.7107072,
				[ 778.3692, 73.11304, 986.7455 ]
			],
			[
				2,
				0.0,
				0.0,
				0.7107072,
				[ 778.4092, 73.1124, 982.3718 ]
			],
			[
				2,
				0.0,
				0.0,
				0.7107072,
				[ 767.3665, 72.91899, 980.0945 ]
			],
			[
				2,
				0.0,
				0.0,
				0.7107072,
				[ 757.9225, 72.7555, 984.4606 ]
			],
			[
				2,
				0.0,
				0.0,
				0.7107072,
				[ 752.4079, 72.66007, 987.1429 ]
			],
			[
				2,
				0.0,
				0.0,
				0.7107072,
				[ 745.7044, 72.54329, 987.8152 ]
			],
			[
				2,
				0.0,
				0.0,
				0.7107072,
				[ 738.5109, 72.41709, 985.6797 ]
			],
			[
				2,
				0.0,
				0.0,
				0.7107072,
				[ 735.5762, 72.3688, 995.3055 ]
			],
			[
				2,
				0.0,
				0.0,
				0.7107072,
				[ 735.4332, 72.3688, 1003.5 ]
			],
			[
				2,
				0.0,
				0.0,
				0.7107072,
				[ 742.7757, 72.49677, 1002.926 ]
			],
			[
				2,
				0.0,
				0.0,
				0.7107072,
				[ 748.2412, 72.58939, 993.8162 ]
			],
			[
				2,
				0.0,
				0.0,
				0.9048032,
				[ 770.9267, 215.3273, 1006.352 ]
			],
			[
				2,
				0.0,
				0.0,
				0.9048032,
				[ 762.0318, 215.1721, 1006.543 ]
			]
		],
		"pathpoints" : 
		[
			{
				"connect" : [ 1 ],
				"pos" : [ 750.1013, 77.34669, 980.3307 ]
			},
			{
				"connect" : [ 2, 17 ],
				"pos" : [ 738.304, 77.14048, 979.2891 ]
			},
			{
				"connect" : [ 3 ],
				"pos" : [ 737.7369, 77.1348, 993.1543 ]
			},
			{
				"connect" : [ 0, 4 ],
				"pos" : [ 751.3038, 77.37153, 992.9796 ]
			},
			{
				"connect" : [ 5 ],
				"pos" : [ 761.6611, 71.37966, 1008.542 ]
			},
			{
				"connect" : [ 6 ],
				"pos" : [ 777.9169, 69.08012, 1015.281 ]
			},
			{
				"connect" : [ 7 ],
				"pos" : [ 777.273, 68.27831, 1029.94 ]
			},
			{
				"connect" : [ 8 ],
				"pos" : [ 768.2388, 68.9764, 1031.515 ]
			},
			{
				"connect" : [ 9 ],
				"pos" : [ 758.7535, 69.60869, 1032.085 ]
			},
			{
				"connect" : [ 13 ],
				"pos" : [ 745.4498, 69.60011, 1031.661 ]
			},
			{
				"connect" : [ 11 ],
				"pos" : [ 731.6756, 70.31822, 1031.142 ]
			},
			{
				"connect" : [ 12 ],
				"pos" : [ 721.4785, 71.25235, 1033.046 ]
			},
			{
				"connect" : [ 10 ],
				"pos" : [ 710.4067, 72.01338, 1035.46 ]
			},
			{
				"connect" : [ 14 ],
				"pos" : [ 701.3514, 72.59988, 1028.122 ]
			},
			{
				"connect" : [ 15 ],
				"pos" : [ 706.1307, 71.4283, 1014.282 ]
			},
			{
				"connect" : [ 16 ],
				"pos" : [ 719.546, 71.42043, 1013.799 ]
			},
			{
				"connect" : [ 2 ],
				"pos" : [ 734.2233, 73.80009, 998.2414 ]
			},
			{
				"connect" : [ 18 ],
				"pos" : [ 713.3758, 72.50548, 977.0562 ]
			},
			{
				"connect" : [ 19 ],
				"pos" : [ 707.6249, 72.04056, 959.22 ]
			},
			{
				"connect" : [ 20 ],
				"pos" : [ 718.5798, 73.35519, 952.4514 ]
			},
			{
				"connect" : [ 21 ],
				"pos" : [ 732.9166, 74.04256, 951.5774 ]
			},
			{
				"connect" : [ 22 ],
				"pos" : [ 749.7439, 73.84515, 953.5486 ]
			},
			{
				"connect" : [ 23 ],
				"pos" : [ 766.1055, 74.17274, 956.2771 ]
			},
			{
				"connect" : [ 24 ],
				"pos" : [ 780.9577, 73.70424, 959.7332 ]
			},
			{
				"connect" : [ 25 ],
				"pos" : [ 782.2873, 72.63779, 969.3362 ]
			},
			{
				"connect" : [ 26 ],
				"pos" : [ 773.5886, 72.68571, 971.1421 ]
			},
			{
				"connect" : [ 0 ],
				"pos" : [ 757.7092, 72.77084, 971.4855 ]
			}
		],
		"players" : 
		[
			{
				"armor" : 
				{
					"head" : 1.5,
					"high" : 1.5,
					"low" : 1.5
				},
				"clothes" : 
				[
					{
						"path" : "Textures/Fur2.png",
						"tintb" : 0.4,
						"tintg" : 0.4,
						"tintr" : 0.4
					},
					{
						"path" : "Textures/LeatherArmor.png",
						"tintb" : 0.0,
						"tintg" : 0.0,
						"tintr" : 0.4
					},
					{
						"path" : "Textures/LeatherWristRight.png",
						"tintb" : 0.0,
						"tintg" : 0.0,
						"tintr" : 0.5
					},
					{
						"path" : "Textures/FootWrap.png",
						"tintb" : 0.0,
						"tintg" : 0.0,
						"tintr" : 0.1
					},
					{
						"path" : "Textures/Pants.png",
						"tintb" : 0.0,
						"tintg" : 0.0,
						"tintr" : 0.0
					}
				],
				"coords" : [ 775.3555, 190.3477, 964.3442 ],
				"creature" : 0,
				"metal" : 
				{
					"head" : false,
					"high" : false,
					"low" : false
				},
				"power" : 1.111111,
				"protection" : 
				{
					"head" : 1.0,
					"high" : 1.0,
					"low" : 1.0
				},
				"speedmult" : 1.0,
				"targetyaw" : 4144.258,
				"whichskin" : 0,
				"yaw" : 4315.742
			},
			{
				"armor" : 
				{
					"head" : 1.0,
					"high" : 1.0,
					"low" : 1.0
				},