{
	"map" : 
	{
		"center" : [ 743.1896, 87.99147, 709.3239 ],
		"dialogs" : null,
		"environment" : 1,
		"fadestart" : 0.6,
		"hostile" : 1,
		"objects" : 
		[
			[
				6,
				60.0,
				0.0,
				0.6929861,
				[ 577.5505, 82.64544, 618.3434 ]
			],
			[
				6,
				60.0,
				0.0,
				0.6929861,
				[ 594.2249, 80.33302, 624.5126 ]
			],
			[
				6,
				-90.0,
				0.0,
				0.6929861,
				[ 585.4193, 80.41197, 603.4583 ]
			],
			[
				6,
				30.0,
				0.0,
				0.6929861,
				[ 559.7037, 83.2298, 613.2497 ]
			],
			[
				6,
				-120.0,
				0.0,
				0.6929861,
				[ 570.1907, 82.79993, 633.6802 ]
			],
			[
				6,
				330.0,
				0.0,
				0.6929861,
				[ 549.1392, 80.78081, 634.1246 ]
			],
			[
				6,
				-60.0,
				0.0,
				0.6929861,
				[ 556.7357, 80.3931, 593.9276 ]
			],
			[
				6,
				120.0,
				0.0,
				0.6929861,
				[ 604.7501, 76.72813, 607.5327 ]
			],
			[
				6,
				240.0,
				0.0,
				0.6929861,
				[ 591.834, 81.21707, 647.5771 ]
			],
			[
				0,
				-120.0,
				0.0,
				0.9827986,
				[ 526.7341, -420.1522, 651.9147 ]
			],
			[
				0,
				-90.0,
				0.0,
				0.9827986,
				[ 619.1899, -423.7994, 603.4995 ]
			],
			[
				3,
				0.0,
				0.0,
				0.9435554,
				[ 601.9193, 81.77139, 661.7097 ]
			],
			[
				4,
				-296.0,
				0.0,
				1.0,
				[ 601.9193, 81.77139, 661.7097 ]
			],
			[
				3,
				0.0,
				0.0,
				0.9435554,
				[ 575.9632, 80.91022, 666.9005 ]
			],
			[
				4,
				-97.0,
				0.0,
				1.0,
				[ 575.9632, 80.91022, 666.9005 ]
			],
			[
				3,
				0.0,
				0.0,
				0.9435554,
				[ 554.5549, 79.80015, 694.1453 ]
			],
			[
				4,
				137.0,
				0.0,
				1.0,
				[ 554.5549, 79.80015, 694.1453 ]
			],
			[
				3,
				0.0,
				0.0,
				0.9435554,
				[ 538.0375, 79.73669, 677.9779 ]
			],
			[
				4,
				-209.0,
				0.0,
				1.0,
				[ 538.0375, 79.73669, 677.9779 ]
			],
			[
				3,
				0.0,
				0.0,
				0.9435554,
				[ 505.4786, 78.43258, 680.21 ]
			],
			[
				4,
				-107.0,
				0.0,
				1.0,
				[ 505.4786, 78.43258, 680.21 ]
			],
			[
				3,
				0.0,
				0.0,
				0.9435554,
				[ 500.6692, 77.40049, 639.9074 ]
			],
			[
				4,
				274.0,
				0.0,
				1.0,
				[ 500.6692, 77.40049, 639.9074 ]
			],
			[
				3,
				0.0,
				0.0,
				0.9435554,
				[ 518.9548, 78.29597, 614.7057 ]
			],
			[
				4,
				74.0,
				0.0,
				1.0,
				[ 518.9548, 78.29597, 614.7057 ]
			],
			[
				3,
				0.0,
				0.0,
				0.9435554,
				[ 507.401, 77.6601, 588.7753 ]
			],
			[
				4,
				310.0,
				0.0,
				1.0,
				[ 507.401, 77.6601, 588.7753 ]
			],
			[
				3,
				0.0,
				0.0,
				0.9435554,
				[ 530.7457, 78.73442, 589.8563 ]
			],
			[
				4,
				196.0,
				0.0,
				1.0,
				[ 530.7457, 78.73442, 589.8563 ]
			],
			[
				3,
				0.0,
				0.0,
				0.9435554,
				[ 567.0804, 76.7596, 569.7993 ]
			],
			[
				4,
				31.0,
				0.0,
				1.0,
				[ 567.0804, 76.7596, 569.7993 ]
			],
			[
				3,
				0.0,
				0.0,
				0.9435554,
				[ 577.9855, 74.92893, 563.5154 ]
			],
			[
				4,
				-343.0,
				0.0,
				1.0,
				[ 577.9855, 74.92893, 563.5154 ]
			],
			[
				3,
				0.0,
				0.0,
				0.9435554,
				[ 587.7437, 77.32108, 581.2123 ]
			],
			[
				4,
				-301.0,
				0.0,
				1.0,
				[ 587.7437, 77.32108, 581.2123 ]
			],
			[
				3,
				0.0,
				0.0,
				0.9435554,
				[ 604.7596, 72.88158, 570.167 ]
			],
			[
				4,
				-343.0,
				0.0,
				1.0,
				[ 604.7596, 72.88158, 570.167 ]
			],
			[
				3,
				0.0,
				0.0,
				0.9435554,
				[ 632.8089, 79.43036, 562.7663 ]
			],
			[
				4,
				-270.0,
				0.0,
				1.0,
				[ 632.8089, 79.43036, 562.7663 ]
			],
			[
				3,
				0.0,
				0.0,
				0.9435554,
				[ 654.9519, 87.4875, 587.5237 ]
			],
			[
				4,
				-162.0,
				0.0,
				1.0,
				[ 654.9519, 87.4875, 587.5237 ]
			],
			[
				3,
				0.0,
				0.0,
				0.9435554,
				[ 666.1322, 88.74371, 597.2163 ]
			],
			[
				4,
				-105.0,
				0.0,
				1.0,
				[ 666.1322, 88.74371, 597.2163 ]
			],
			[
				3,
				0.0,
				0.0,
				0.9435554,
				[ 669.7778, 84.99792, 616.4766 ]
			],
			[
				4,
				-354.0,
				0.0,
				1.0,
				[ 669.7778, 84.99792, 616.4766 ]
			],
			[
				3,
				0.0,
				0.0,
				0.9435554,
				[ 626.8486, 77.00993, 634.0496 ]
			],
			[
				4,
				13.0,
				0.0,
				1.0,
				[ 626.8486, 77.00993, 634.0496 ]
			],
			[
				5,
				-180.0,
				0.0,
				0.3392084,
				[ 600.4308, 84.10027, 657.996 ]
			],
			[
				5,
				-210.0,
				0.0,
				0.3392084,
				[ 586.5842, 83.34074, 669.5923 ]
			],
			[
				5,
				-180.0,
				0.0,
				0.3392084,
				[ 562.8097, 82.50029, 680.8841 ]
			],
			[
				5,
				180.0,
				0.0,
				0.3392084,
				[ 551.5803, 82.08611, 656.7014 ]
			],
			[
				5,
				-330.0,
				0.0,
				0.3392084,
				[ 558.2794, 84.70525, 638.2234 ]
			],
			[
				5,
				-300.0,
				0.0,
				0.3392084,
				[ 573.9529, 85.49992, 636.824 ]
			],
			[
				5,
				300.0,
				0.0,
				0.3392084,
				[ 609.6876, 79.5468, 619.8422 ]
			],
			[
				5,
				-210.0,
				0.0,
				0.3392084,
				[ 640.5001, 80.29647, 610.0651 ]
			],
			[
				5,
				30.0,
				0.0,
				0.3392084,
				[ 609.8564, 75.44926, 579.205 ]
			],
			[
				5,
				60.0,
				0.0,
				0.3392084,
				[ 588.8548, 80.43083, 586.1616 ]
			],
			[
				5,
				60.0,
				0.0,
				0.3392084,
				[ 554.6489, 79.77554, 571.3535 ]
			],
			[
				5,
				-270.0,
				0.0,
				0.3392084,
				[ 538.6628, 79.09196, 547.9235 ]
			],
			[
				5,
				180.0,
				0.0,
				0.3392084,
				[ 514.8884, 79.49956, 575.46 ]
			],
			[
				5,
				180.0,
				0.0,
				0.3392084,
				[ 498.6778, 80.6425, 612.5713 ]
			],
			[
				5,
				270.0,
				0.0,
				0.3392084,
				[ 533.9988, 81.97734, 635.2321 ]
			],
			[
				11,
				0.0,
				35.0,
				0.1550051,
				[ 622.7009, 75.29904, 619.6932 ]
			],
			[
				0,
				0.0,
				0.0,
				0.2529064,
				[ 628.2639, 77.10596, 616.8639 ]
			],
			[
				1,
				0.0,
				75.0,
				0.3260251,
				[ 624.7548, 77.59842, 624.5971 ]
			],
			[
				6,
				0.0,
				0.0,
				0.4209436,
				[ 631.2673, 75.08376, 622.3063 ]
			],
			[
				6,
				0.0,
				0.0,
				0.4209436,
				[ 629.6667, 74.72112, 620.8765 ]
			],
			[
				6,
				0.0,
				0.0,
				0.4209436,
				[ 623.1494, 75.28975, 620.0463 ]
			],
			[
				6,
				0.0,
				0.0,
				0.4209436,
				[ 619.7743, 76.03862, 624.2077 ]
			],
			[
				6,
				0.0,
				0.0,
				0.497576,
				[ 629.6968, 76.12846, 629.4336 ]
			],
			[
				6,
				0.0,
				0.0,
				0.497576,
				[ 618.8848, 75.5687, 618.5764 ]
			],
			[
				8,
				0.0,
				45.0,
				0.5689036,
				[ 532.488, 77.99985, 653.9885 ]
			],
			[
				0,
				0.0,
				45.0,
				0.5689036,
				[ 541.6987, 79.47411, 655.1789 ]
			],
			[
				2,
				0.0,
				45.0,
				0.5689036,
				[ 533.1882, 78.36177, 645.1954 ]
			],
			[
				2,
				0.0,
				45.0,
				0.5689036,
				[ 548.1763, 79.11922, 650.9844 ]
			],
			[
				6,
				0.0,
				45.0,
				0.5689036,
				[ 536.2639, 78.47549, 645.5117 ]
			],
			[
				6,
				0.0,
				2.0,
				0.3177559,
				[ 540.5121, 78.94328, 645.0797 ]
			],
			[
				6,
				0.0,
				2.0,
				0.4792961,
				[ 541.3719, 78.9118, 646.2519 ]
			],
			[
				6,
				0.0,
				2.0,
				0.4792961,
				[ 544.7466, 79.15285, 647.2169 ]
			],
			[
				6,
				0.0,
				2.0,
				0.4792961,
				[ 523.8298, 78.18582, 652.1445 ]
			],
			[
				6,
				0.0,
				2.0,
				0.4792961,
				[ 526.761, 77.27602, 664.5549 ]
			],
			[
				3,
				0.0,
				2.0,
				0.6969432,
				[ 544.5491, 79.21336, 577.0673 ]
			],
			[
				4,
				0.0,
				2.25989,
				1.0,
				[ 544.5491, 79.21336, 577.0673 ]
			],
			[
				3,
				0.0,
				0.0,
				0.6969432,
				[ 537.7357, 79.24568, 563.3306 ]
			],
			[
				4,
				-334.0,
				0.6776896,
				1.0,
				[ 537.7357, 79.24568, 563.3306 ]
			],
			[
				3,
				0.0,
				0.0,
				0.6969432,
				[ 540.4374, 77.10938, 570.0626 ]
			],
			[
				4,
				-328.0,
				0.6776896,
				1.0,
				[ 540.4374, 77.10938, 570.0626 ]
			],
			[
				3,
				0.0,
				0.0,
				0.6969432,
				[ 550.1462, 77.31456, 560.496 ]
			],
			[
				4,
				236.0,
				0.6776896,
				1.0,
				[ 550.1462, 77.31456, 560.496 ]
			],
			[
				3,
				0.0,
				0.0,
