{
	"map" : 
	{
		"center" : [ 577.8259, 81.53246, 889.416 ],
		"dialogs" : null,
		"environment" : 0,
		"fadestart" : 0.6,
		"hostile" : 1,
		"objects" : 
		[
			[
				0,
				0.0,
				0.0,
				1.099779,
				[ 583.7415, 80.05121, 867.1774 ]
			],
			[
				0,
				0.0,
				0.0,
				1.099779,
				[ 608.1011, 79.89957, 864.2753 ]
			],
			[
				0,
				0.0,
				0.0,
				1.099779,
				[ 606.5187, 78.03846, 893.0176 ]
			],
			[
				0,
				0.0,
				0.0,
				1.099779,
				[ 580.337, 78.50482, 892.306 ]
			],
			[
				0,
				0.0,
				0.0,
				1.099779,
				[ 604.1127, 76.84142, 914.4471 ]
			],
			[
				0,
				0.0,
				0.0,
				1.099779,
				[ 579.9272, 77.65295, 916.3889 ]
			],
			[
				0,
				0.0,
				0.0,
				1.099779,
				[ 558.4733, 80.04119, 914.8821 ]
			],
			[
				0,
				0.0,
				0.0,
				1.099779,
				[ 559.8965, 80.40025, 889.3992 ]
			],
			[
				0,
				0.0,
				0.0,
				1.099779,
				[ 561.4066, 81.85938, 867.6608 ]
			],
			[
				6,
				89.0,
				0.0,
				0.7493827,
				[ 520.0733, 81.13124, 848.4097 ]
			],
			[
				6,
				-359.0,
				0.0,
				0.7493827,
				[ 485.4, 81.67484, 912.4529 ]
			],
			[
				6,
				-248.0,
				0.0,
				0.7493827,
				[ 519.278, 83.694, 948.9836 ]
			],
			[
				6,
				310.0,
				0.0,
				0.7493827,
				[ 555.0429, 80.52699, 973.4435 ]
			],
			[
				6,
				339.0,
				0.0,
				0.6657607,
				[ 550.3697, -417.8545, 922.9954 ]
			],
			[
				6,
				-73.0,
				0.0,
				0.6657607,
				[ 550.9261, -418.3202, 887.8542 ]
			],
			[
				6,
				-233.0,
				0.0,
				0.6657607,
				[ 564.3581, 82.78239, 870.3054 ]
			],
			[
				6,
				142.0,
				0.0,
				0.6657607,
				[ 562.0079, -418.4045, 858.4308 ]
			],
			[
				6,
				85.0,
				0.0,
				0.6657607,
				[ 577.2045, 81.31792, 857.8295 ]
			],
			[
				6,
				284.0,
				0.0,
				0.6657607,
				[ 617.6356, 83.03954, 858.8347 ]
			],
			[
				6,
				107.0,
				0.0,
				0.6657607,
				[ 615.6012, 79.31306, 873.0164 ]
			],
			[
				6,
				304.0,
				0.0,
				0.6657607,
				[ 615.2625, 81.23145, 897.1652 ]
			],
			[
				6,
				271.0,
				0.0,
				0.6657607,
				[ 605.5822, 77.06078, 922.7275 ]
			],
			[
				6,
				-348.0,
				0.0,
				0.6657607,
				[ 587.623, 76.94056, 900.6829 ]
			],
			[
				6,
				-176.0,
				0.0,
				0.6657607,
				[ 591.2596, 79.36248, 875.5634 ]
			],
			[
				6,
				332.0,
				0.0,
				0.5365608,
				[ 573.762, 81.64986, 882.9465 ]
			],
			[
				5,
				-289.0,
				0.0,
				0.2236326,
				[ 555.4764, 82.06523, 832.4202 ]
			],
			[
				5,
				182.0,
				0.0,
				0.2236326,
				[ 582.6738, 83.16093, 857.9141 ]
			],
			[
				5,
				-3.0,
				0.0,
				0.3284606,
				[ 619.0969, 93.48003, 833.3648 ]
			],
			[
				5,
				-304.0,
				0.0,
				0.3284606,
				[ 661.2884, 89.14262, 867.2325 ]
			],
			[
				5,
				-189.0,
				0.0,
				0.3284606,
				[ 628.069, 87.72789, 910.2316 ]
			],
			[
				5,
				-25.0,
				0.0,
				0.3284606,
				[ 590.2636, 81.06474, 943.6745 ]
			],
			[
				5,
				99.0,
				0.0,
				0.2440245,
				[ 601.6824, 79.90385, 922.6594 ]
			],
			[
				5,
				304.0,
				0.0,
				0.2440245,
				[ 607.4837, 81.37712, 922.7607 ]
			],
			[
				5,
				-344.0,
				0.0,
				0.2440245,
				[ 589.2203, 80.54106, 903.9205 ]
			],
			[
				5,
				180.0,
				0.0,
				0.2440245,
				[ 592.6697, 82.08904, 874.8094 ]
			],
			[
				5,
				17.0,
				0.0,
				0.2440245,
				[ 616.8359, 83.49162, 871.0149 ]
			],
			[
				3,
				275.0,
				0.0,
				0.2932413,
				[ 640.1273, 84.87918, 875.2667 ]
			],
			[
				4,
				149.0,
				0.0,
				1.0,
				[ 640.1273, 84.87918, 875.2667 ]
			],
			[
				3,
				101.0,
				0.0,
				0.2932413,
				[ 624.8532, -415.4284, 851.7333 ]
			],
			[
				4,
				-316.0,
				0.0,
				1.0,
				[ 624.8532, -415.4284, 851.7333 ]
			],
			[
				3,
				-59.0,
				0.0,
				0.581098,
				[ 590.1218, 82.40582, 827.7963 ]
			],
			[
				4,
				183.0,
				0.0,
				1.0,
				[ 590.1218, 82.40582, 827.7963 ]
			],
			[
				3,
				18.0,
				0.0,
				0.318806,
				[ 565.8544, 79.68642, 838.6916 ]
			],
			[
				4,
				-352.0,
				0.0,
				1.0,
				[ 565.8544, 79.68642, 838.6916 ]
			],
			[
				3,
				86.0,
				0.0,
				0.7657151,
				[ 510.7353, 78.83813, 870.4323 ]
			],
			[
				4,
				-193.0,
				0.0,
				1.0,
				[ 510.7353, 78.83813, 870.4323 ]
			],
			[
				3,
				-292.0,
				0.0,
				0.5522619,
				[ 504.333, 80.01115, 889.8606 ]
			],
			[
				3,
				10.0,
				0.0,
				0.320659,
				[ 523.2931, 81.85722, 920.4077 ]
			],
			[
				4,
				77.0,
				0.0,
				1.0,
				[ 523.2931, 81.85722, 920.4077 ]
			],
			[
				3,
				-153.0,
				0.0,
				0.6115689,
				[ 545.1419, -418.107, 941.673 ]
			],
			[
				4,
				-268.0,
				0.0,
				1.0,
				[ 545.1419, -418.107, 941.673 ]
			],
			[
				3,
				90.0,
				0.0,
				0.6115689,
				[ 570.765, 79.99691, 972.992 ]
			],
			[
				4,
				-38.0,
				0.0,
				1.0,
				[ 570.765, 79.99691, 972.992 ]
			],
			[
				6,
				0.0,
				0.0,
				0.5214259,
				[ 614.2845, 76.99277, 973.9218 ]
			],
			[
				7,
				0.0,
				0.0,
				0.0,
				[ 579.9721, -420.4431, 848.9082 ]
			],
			[
				7,
				0.0,
				0.0,
				0.4318975,
				[ 613.4, -415.2889, 848.8832 ]
			],
			[
				7,
				0.0,
				0.0,
				0.4318975,
				[ 600.2663, -417.0685, 846.7131 ]
			],
			[
				7,
				0.0,
				0.0,
				0.4318975,
				[ 589.9998, -419.1863, 848.3351 ]
			],
			[
				7,
				0.0,
				0.0,
				0.4318975,
				[ 577.0437, -420.7313, 848.2656 ]
			],
			[
				7,
				0.0,
				0.0,
				0.4318975,
				[ 564.0605, -419.9524, 848.4448 ]
			],
			[
				7,
				0.0,
				0.0,
				0.3855405,
				[ 552.6512, -418.8924, 847.5111 ]
			],
			[
				7,
				0.0,
				0.0,
				0.3855405,
				[ 565.2321, -418.951, 846.8635 ]
			],
			[
				7,
				90.0,
				0.0,
				0.3855405,
				[ 547.3454, -418.2357, 853.3441 ]
			],
			[
				7,
				90.0,
				0.0,
				0.3855405,
				[ 546.8627, -417.5141, 865.3371 ]
			],
			[
				7,
				90.0,
				0.0,
				0.3855405,
				[ 546.4044, -417.9239, 876.9863 ]
			],
			[
				7,
				90.0,
				0.0,
				0.4115773,
				[ 545.9901, -419.3387, 888.961 ]
			],
			[
				7,
				90.0,
				0.0,
				0.4004861,
				[ 545.7708, -418.6592, 901.4203 ]
			],
			[
				7,
				90.0,
				0.0,
				0.4004861,
				[ 545.5411, -418.3995, 913.6536 ]
			],
			[
				7,
				90.0,
				0.0,
				0.3681565,
				[ 545.3709, -417.4597, 925.2944 ]
			],
			[
				7,
				0.0,
				0.0,
				0.3883085,
				[ 550.6138, -418.0019, 932.0848 ]
			],
			[
				7,
				0.0,
				0.0,
				0.3987481,
				[ 562.4745, -419.3523, 932.3369 ]
			],
			[
				7,
				0.0,
				0.0,
				0.3987481,
				[ 574.0809, -419.7742, 932.6741 ]
			],
			[
				7,
				0.0,
				0.0,
				0.3987481,
				[ 586.1583, -421.9923, 932.8638 ]
			],
			[
				0,
				0.0,
				0.0,
				0.0,
				[ 598.8575, -423.8963, 933.1073 ]
			],
			[
				7,
				0.0,
				0.0,
				0.4539776,
				[ 599.1301, -423.9178, 933.1476 ]
			],
			[
				7,
				0.0,
				0.0,
				0.4539776,
				[ 613.1246, -422.4386, 933.3188 ]
			],
			[
				7,
				90.0,
				0.0,
				0.3831109,
				[ 620.8741, -418.5898, 928.2239 ]
			],
			[
				7,
				90.0,
				0.0,
				0.3275888,
				[ 621.1005, -415.8933, 917.8361 ]
			],
			[
				7,
				90.0,
				0.0,
				0.3508888,
				[ 621.1372, -416.444, 907.6938 ]
			],
			[
				7,
				90.0,
				0.0,
				0.3878552,
				[ 621.437, -417.6113, 896.5032 ]
			],
			[
				1,
				0.0,
				0.0,
				0.0,
				[ 629.7999, 84.7676, 874.6621 ]
			],
			[
				1,
				0.0,
				0.0,
				0.185935,
				[ 630.7116, 84.80837, 875.1826 ]
			],
			[
				1,
				90.0,
				0.0,
				1.295013,
				[ 631.9824, 84.50939, 881.0198 ]
			],
			[
				7,
				90.0,
				0.0,
				0.5507123,
				[ 622.8059, 83.18983, 897.7891 ]
			],
			[
				7,
				90.0,
				0.0,
				0.5507123,
				[ 622.5048, 84.2047, 912.0059 ]
			],
			[
				7,
				90.0,
				0.0,
				0.5507123,
				[ 622.1029, 82.07252, 927.1331 ]
			],
			[
				7,
				0.0,
				0.0,
				0.5507123,
				[ 615.3281, 78.7802, 934.1771 ]
			],
			[
				7,
				0.0,
				0.0,
				0.5507123,
				[ 599.0854, 75.6438, 933.8168 ]
			],
			[
				7,
				0.0,
				0.0,
				0.5507123,
