{
	"map" : 
	{
		"center" : [ 577.8259, 81.53246, 889.416 ],
		"dialogs" : null,
		"environment" : 2,
		"fadestart" : 0.6,
		"hostile" : 1,
		"objects" : 
		[
			[
				7,
				120.0,
				18.0,
				0.666248,
				[ 533.0974, 81.89656, 864.5818 ]
			],
			[
				7,
				90.0,
				18.0,
				0.666248,
				[ 537.3356, 81.44881, 881.3405 ]
			],
			[
				7,
				60.0,
				18.0,
				0.666248,
				[ 534.0942, 80.95386, 897.8412 ]
			],
			[
				7,
				60.0,
				18.0,
				0.666248,
				[ 525.6875, 82.29138, 913.8493 ]
			],
			[
				7,
				60.0,
				18.0,
				0.666248,
				[ 516.5929, 81.85651, 928.2391 ]
			],
			[
				7,
				30.0,
				18.0,
				0.666248,
				[ 505.768, 82.74128, 940.2515 ]
			],
			[
				7,
				0.0,
				18.0,
				0.666248,
				[ 493.8177, 82.31213, 944.4305 ]
			],
			[
				7,
				330.0,
				18.0,
				0.666248,
				[ 477.1562, 81.78212, 940.1926 ]
			],
			[
				7,
				300.0,
				18.0,
				0.666248,
				[ 467.6701, 81.48744, 930.5529 ]
			],
			[
				7,
				270.0,
				18.0,
				0.666248,
				[ 463.3629, 80.37021, 916.5173 ]
			],
			[
				7,
				240.0,
				18.0,
				0.666248,
				[ 467.779, 80.83656, 901.6127 ]
			],
			[
				7,
				240.0,
				18.0,
				0.666248,
				[ 477.1407, 82.0246, 884.8782 ]
			],
			[
				7,
				240.0,
				18.0,
				0.666248,
				[ 488.3244, 80.29153, 867.1252 ]
			],
			[
				7,
				210.0,
				18.0,
				0.666248,
				[ 500.6088, 79.32808, 854.0484 ]
			],
			[
				7,
				180.0,
				18.0,
				0.2878916,
				[ 513.7688, 80.07481, 849.7501 ]
			],
			[
				7,
				150.0,
				18.0,
				0.2878916,
				[ 526.3317, 80.42385, 854.3228 ]
			],
			[
				0,
				120.0,
				3.0,
				0.6472539,
				[ 499.848, 80.85014, 895.7866 ]
			],
			[
				0,
				180.0,
				3.0,
				0.7382528,
				[ 507.6234, 84.66339, 929.9764 ]
			],
			[
				0,
				-30.0,
				3.0,
				0.7382528,
				[ 494.2525, 85.06267, 922.8349 ]
			],
			[
				0,
				90.0,
				3.0,
				0.7382528,
				[ 483.6412, 84.45133, 901.4951 ]
			],
			[
				0,
				300.0,
				3.0,
				0.7382528,
				[ 473.9085, 81.35011, 925.829 ]
			],
			[
				0,
				330.0,
				3.0,
				0.7382528,
				[ 520.7742, 79.56054, 892.942 ]
			],
			[
				0,
				240.0,
				3.0,
				0.7230815,
				[ 504.416, 81.11495, 873.2999 ]
			],
			[
				0,
				270.0,
				3.0,
				0.7230815,
				[ 522.9165, 81.36841, 869.3381 ]
			],
			[
				3,
				-150.0,
				3.0,
				0.9575567,
				[ 484.7142, 84.51583, 835.1765 ]
			],
			[
				4,
				0.0,
				3.338539,
				1.0,
				[ 484.7142, 84.51583, 835.1765 ]
			],
			[
				3,
				-270.0,
				3.0,
				0.9575567,
				[ 465.5779, 87.37614, 803.0876 ]
			],
			[
				4,
				0.0,
				3.338539,
				1.0,
				[ 465.5779, 87.37614, 803.0876 ]
			],
			[
				3,
				-30.0,
				3.0,
				0.9575567,
				[ 422.0855, 88.69865, 816.0807 ]
			],
			[
				4,
				0.0,
				3.338539,
				1.0,
				[ 422.0855, 88.69865, 816.0807 ]
			],
			[
				3,
				90.0,
				3.0,
				0.9575567,
				[ 421.4249, 87.7402, 854.729 ]
			],
			[
				4,
				0.0,
				3.338539,
				1.0,
				[ 421.4249, 87.7402, 854.729 ]
			],
			[
				3,
				-120.0,
				3.0,
				0.9575567,
				[ 403.5869, 83.21335, 890.2497 ]
			],
			[
				4,
				0.0,
				3.338539,
				1.0,
				[ 403.5869, 83.21335, 890.2497 ]
			],
			[
				3,
				-180.0,
				3.0,
				0.9575567,
				[ 415.3072, 79.81374, 926.1945 ]
			],
			[
				4,
				0.0,
				3.338539,
				1.0,
				[ 415.3072, 79.81374, 926.1945 ]
			],
			[
				3,
				-60.0,
				3.0,
				0.9575567,
				[ 411.2874, 77.96194, 966.2698 ]
			],
			[
				4,
				0.0,
				3.338539,
				1.0,
				[ 411.2874, 77.96194, 966.2698 ]
			],
			[
				3,
				180.0,
				3.0,
				0.9575567,
				[ 449.1176, 79.27658, 955.5446 ]
			],
			[
				4,
				0.0,
				3.338539,
				1.0,
				[ 449.1176, 79.27658, 955.5446 ]
			],
			[
				3,
				270.0,
				3.0,
				0.9575567,
				[ 451.3939, 76.45737, 1005.925 ]
			],
			[
				4,
				0.0,
				3.338539,
				1.0,
				[ 451.3939, 76.45737, 1005.925 ]
			],
			[
				3,
				90.0,
				3.0,
				0.9575567,
				[ 504.8542, 79.70645, 1005.421 ]
			],
			[
				4,
				0.0,
				3.338539,
				1.0,
				[ 504.8542, 79.70645, 1005.421 ]
			],
			[
				3,
				0.0,
				3.0,
				0.9575567,
				[ 449.2382, 81.01108, 1092.556 ]
			],
			[
				4,
				0.0,
				3.338539,
				1.0,
				[ 449.2382, 81.01108, 1092.556 ]
			],
			[
				3,
				0.0,
				3.0,
				0.9575567,
				[ 357.7087, 78.34174, 1022.174 ]
			],
			[
				4,
				0.0,
				3.338539,
				1.0,
				[ 357.7087, 78.34174, 1022.174 ]
			],
			[
				3,
				-330.0,
				3.0,
				0.9575567,
				[ 340.2478, 81.09333, 942.7267 ]
			],
			[
				4,
				0.0,
				3.338539,
				1.0,
				[ 340.2478, 81.09333, 942.7267 ]
			],
			[
				3,
				-270.0,
				3.0,
				0.9575567,
				[ 370.5499, 92.65258, 822.0242 ]
			],
			[
				4,
				0.0,
				3.338539,
				1.0,
				[ 370.5499, 92.65258, 822.0242 ]
			],
			[
				3,
				30.0,
				3.0,
				0.9575567,
				[ 551.7785, 79.15642, 1047.959 ]
			],
			[
				4,
				0.0,
				3.338539,
				1.0,
				[ 551.7785, 79.15642, 1047.959 ]
			],
			[
				3,
				180.0,
				3.0,
				0.9575567,
				[ 573.9813, 78.52413, 1012.34 ]
			],
			[
				4,
				0.0,
				3.338539,
				1.0,
				[ 573.9813, 78.52413, 1012.34 ]
			],
			[
				3,
				-30.0,
				3.0,
				0.9575567,
				[ 551.3217, 81.687, 970.1323 ]
			],
			[
				4,
				0.0,
				3.338539,
				1.0,
				[ 551.3217, 81.687, 970.1323 ]
			],
			[
				3,
				-180.0,
				3.0,
				0.9575567,
				[ 545.2319, 82.96158, 941.8701 ]
			],
			[
				4,
				0.0,
				3.338539,
				1.0,
				[ 545.2319, 82.96158, 941.8701 ]
			],
			[
				3,
				150.0,
				3.0,
				0.9575567,
				[ 574.6508, 79.85737, 971.1766 ]
			],
			[
				4,
				0.0,
				3.338539,
				1.0,
				[ 574.6508, 79.85737, 971.1766 ]
			],
			[
				3,
				-210.0,
				3.0,
				0.9575567,
				[ 606.9144, 75.09734, 937.7543 ]
			],
			[
				4,
				0.0,
				3.338539,
				1.0,
				[ 606.9144, 75.09734, 937.7543 ]
			],
			[
				3,
				30.0,
				3.0,
				0.9575567,
				[ 577.8514, 80.37951, 888.7228 ]
			],
			[
				4,
				0.0,
				3.338539,
				1.0,
				[ 577.8514, 80.37951, 888.7228 ]
			],
			[
				3,
				-330.0,
				3.0,
				0.9575567,
				[ 545.097, 80.88591, 842.0558 ]
			],
			[
				4,
				0.0,
				3.338539,
				1.0,
				[ 545.097, 80.88591, 842.0558 ]
			],
			[
				5,
				-120.0,
				3.0,
				0.3336218,
				[ 539.9722, 82.92876, 832.1406 ]
			],
			[
				5,
				-150.0,
				3.0,
				0.3336218,
				[ 555.0403, 83.17888, 845.9183 ]
			],
			[
				5,
				-330.0,
				3.0,
				0.3336218,
				[ 571.6221, 83.39861, 866.662 ]
			],
			[
				5,
				120.0,
				3.0,
				0.3336218,
				[ 544.2237, 85.46696, 916.0385 ]
			],
			[
				5,
				270.0,
				3.0,
				0.3336218,
				[ 573.0081, 82.73759, 971.8976 ]
			],
			[
				5,
				-150.0,
				3.0,
				0.3336218,
				[ 579.9953, 81.73564, 975.011 ]
			],
			[
				5,
				300.0,
				3.0,
				0.3336218,
				[ 559.8137, 81.27129, 999.7294 ]
			],
			[
				5,
				150.0,
				3.0,
				0.3336218,
				[ 491.65, 81.79936, 1010.236 ]
			],
			[
				5,
				-210.0,
				3.0,
				0.3336218,
				[ 427.3823, 78.23869, 984.7225 ]
			],
			[
				5,
				210.0,
				3.0,
				0.3336218,
				[ 413.7775, 82.52739, 923.6865 ]
			],
			[
				5,
				60.0,
				3.0,
				0.3336218,
				[ 423.9673, 90.77483, 853.8018 ]
			],
			[
				5,
				270.0,
				3.0,
				0.3336218,
				[ 453.6892, 89.47478, 803.0704 ]
			],
			[
				5,
				-60.0,
				3.0,
				0.3336218,
				[ 500.908, 86.89262, 817.194 ]
			],
			[
				5,
				-330.0,
				3.0,
				0.3336218,
				[ 509.1168, 82.40947, 846.6456 ]
			],
			[
				5,
				180.0,
				3.0,
				0.3336218,
				[ 531.8546, 83.33269, 854.7278 ]
			],
			[
				5,
				-300.0,
				3.0,
				0.3336218,
				[ 541.3607, 84.48698, 870.9982 ]
			],
			[
				5,
				330.0,
				3.0,
				0.3336218,
				[ 540.6286, 84.20244, 889.3864 ]
			],
			[
				5,
				-30.0,
				3.0,
				0.3336218,
				[ 533.8681, 84.39067, 906.486 ]
			],
			[
				5,
				-240.0,
				3.0,
				0.3336218,
				[ 515.9053, 86.22173, 936.2709 ]
			],
			[
				5,
				300.0,
				3.0,
				0.3336218,
				[ 504.408, 85.75371, 945.1708 ]
			],
			[
				5,
