{
	"map" : 
	{
		"center" : [ 743.1896, 87.99147, 709.3239 ],
		"dialogs" : null,
		"environment" : 1,
		"fadestart" : 0.6,
		"hostile" : 1,
		"objects" : 
		[
			[
				0,
				0.0,
				0.0,
				0.9375257,
				[ 741.2432, 83.26002, 710.7834 ]
			],
			[
				0,
				0.0,
				0.0,
				0.9375257,
				[ 742.095, 84.07211, 731.8102 ]
			],
			[
				0,
				0.0,
				0.0,
				0.9375257,
				[ 767.9071, 86.14504, 730.6208 ]
			],
			[
				0,
				0.0,
				0.0,
				0.9375257,
				[ 768.8712, 85.55328, 709.1127 ]
			],
			[
				6,
				270.0,
				0.0,
				0.5929949,
				[ 754.2793, 81.59973, 717.5476 ]
			],
			[
				3,
				-60.0,
				0.0,
				1.025553,
				[ 765.6572, 74.8551, 679.4635 ]
			],
			[
				4,
				-111.0,
				0.0,
				1.0,
				[ 765.6572, 74.8551, 679.4635 ]
			],
			[
				3,
				-90.0,
				0.0,
				1.025553,
				[ 757.2543, 72.14428, 670.3047 ]
			],
			[
				4,
				-188.0,
				0.0,
				1.0,
				[ 757.2543, 72.14428, 670.3047 ]
			],
			[
				3,
				-210.0,
				0.0,
				1.025553,
				[ 754.4927, 75.21404, 680.0618 ]
			],
			[
				4,
				-190.0,
				0.0,
				1.0,
				[ 754.4927, 75.21404, 680.0618 ]
			],
			[
				3,
				-210.0,
				0.0,
				1.025553,
				[ 748.9356, 73.88291, 671.7781 ]
			],
			[
				4,
				-121.0,
				0.0,
				1.0,
				[ 748.9356, 73.88291, 671.7781 ]
			],
			[
				3,
				0.0,
				0.0,
				1.025553,
				[ 735.9836, 76.55575, 679.5429 ]
			],
			[
				4,
				-239.0,
				0.0,
				1.0,
				[ 735.9836, 76.55575, 679.5429 ]
			],
			[
				3,
				-210.0,
				0.0,
				1.025553,
				[ 733.0609, -421.6274, 696.7867 ]
			],
			[
				4,
				-135.0,
				0.0,
				1.0,
				[ 733.0609, -421.6274, 696.7867 ]
			],
			[
				3,
				0.0,
				0.0,
				1.025553,
				[ 717.8106, 78.98119, 719.1334 ]
			],
			[
				4,
				51.0,
				0.0,
				1.0,
				[ 717.8106, 78.98119, 719.1334 ]
			],
			[
				3,
				-30.0,
				0.0,
				1.025553,
				[ 711.8074, 78.55489, 736.8325 ]
			],
			[
				4,
				282.0,
				0.0,
				1.0,
				[ 711.8074, 78.55489, 736.8325 ]
			],
			[
				3,
				-30.0,
				0.0,
				1.025553,
				[ 726.4035, 78.95335, 747.2922 ]
			],
			[
				4,
				146.0,
				0.0,
				1.0,
				[ 726.4035, 78.95335, 747.2922 ]
			],
			[
				3,
				-120.0,
				0.0,
				1.025553,
				[ 732.3415, 84.65833, 765.2446 ]
			],
			[
				4,
				-135.0,
				0.0,
				1.0,
				[ 732.3415, 84.65833, 765.2446 ]
			],
			[
				3,
				-90.0,
				0.0,
				1.025553,
				[ 708.9282, 92.37827, 781.5323 ]
			],
			[
				4,
				-38.0,
				0.0,
				1.0,
				[ 708.9282, 92.37827, 781.5323 ]
			],
			[
				3,
				-30.0,
				0.0,
				1.025553,
				[ 674.7021, 96.95485, 762.941 ]
			],
			[
				4,
				308.0,
				0.0,
				1.0,
				[ 674.7021, 96.95485, 762.941 ]
			],
			[
				3,
				30.0,
				0.0,
				1.025553,
				[ 678.957, 101.0188, 743.8802 ]
			],
			[
				4,
				-318.0,
				0.0,
				1.0,
				[ 678.957, 101.0188, 743.8802 ]
			],
			[
				3,
				30.0,
				0.0,
				1.025553,
				[ 684.8128, 95.39487, 722.7953 ]
			],
			[
				4,
				-273.0,
				0.0,
				1.0,
				[ 684.8128, 95.39487, 722.7953 ]
			],
			[
				3,
				180.0,
				0.0,
				1.025553,
				[ 707.4551, 78.87819, 690.5146 ]
			],
			[
				4,
				-255.0,
				0.0,
				1.0,
				[ 707.4551, 78.87819, 690.5146 ]
			],
			[
				3,
				300.0,
				0.0,
				1.025553,
				[ 760.0294, 70.40455, 643.8963 ]
			],
			[
				4,
				-9.0,
				0.0,
				1.0,
				[ 760.0294, 70.40455, 643.8963 ]
			],
			[
				3,
				-120.0,
				0.0,
				1.025553,
				[ 810.7406, 90.50252, 693.5419 ]
			],
			[
				4,
				-142.0,
				0.0,
				1.0,
				[ 810.7406, 90.50252, 693.5419 ]
			],
			[
				3,
				-150.0,
				0.0,
				1.025553,
				[ 823.8234, 89.48647, 712.0132 ]
			],
			[
				4,
				60.0,
				0.0,
				1.0,
				[ 823.8234, 89.48647, 712.0132 ]
			],
			[
				3,
				90.0,
				0.0,
				1.025553,
				[ 818.799, 97.01247, 741.4918 ]
			],
			[
				4,
				-343.0,
				0.0,
				1.0,
				[ 818.799, 97.01247, 741.4918 ]
			],
			[
				3,
				-240.0,
				0.0,
				1.025553,
				[ 781.5536, 102.4551, 770.3736 ]
			],
			[
				4,
				-25.0,
				0.0,
				1.0,
				[ 781.5536, 102.4551, 770.3736 ]
			],
			[
				3,
				-210.0,
				0.0,
				1.025553,
				[ 796.5474, 82.45053, 724.1528 ]
			],
			[
				4,
				261.0,
				0.0,
				1.0,
				[ 796.5474, 82.45053, 724.1528 ]
			],
			[
				5,
				-240.0,
				0.0,
				0.3081045,
				[ 790.1985, 85.52483, 726.2474 ]
			],
			[
				5,
				-150.0,
				0.0,
				0.3081045,
				[ 794.1138, 83.86259, 715.8727 ]
			],
			[
				5,
				-210.0,
				0.0,
				0.3081045,
				[ 784.7213, 81.05102, 695.0433 ]
			],
			[
				5,
				-90.0,
				0.0,
				0.3081045,
				[ 772.9552, 77.90928, 680.5479 ]
			],
			[
				5,
				120.0,
				0.0,
				0.3081045,
				[ 768.1725, 73.33842, 664.3862 ]
			],
			[
				5,
				-300.0,
				0.0,
				0.3081045,
				[ 751.9427, 73.97343, 654.6774 ]
			],
			[
				5,
				-150.0,
				0.0,
				0.3081045,
				[ 735.9351, 77.16423, 668.2875 ]
			],
			[
				5,
				180.0,
				0.0,
				0.3081045,
				[ 747.2177, 79.72309, 684.9286 ]
			],
			[
				5,
				-330.0,
				0.0,
				0.3081045,
				[ 748.8734, 83.10014, 703.1082 ]
			],
			[
				5,
				0.0,
				0.0,
				0.3081045,
				[ 735.7291, 83.47295, 723.7202 ]
			],
			[
				5,
				-180.0,
				0.0,
				0.3081045,
				[ 720.1713, 81.91745, 729.1896 ]
			],
			[
				5,
				120.0,
				0.0,
				0.3081045,
				[ 734.7632, 83.52019, 742.5624 ]
			],
			[
				5,
				0.0,
				0.0,
				0.3081045,
				[ 760.1382, 84.71404, 734.7495 ]
			],
			[
				5,
				300.0,
				0.0,
				0.3081045,
				[ 790.6495, 82.90813, 704.6876 ]
			],
			[
				6,
				-90.0,
				0.0,
				0.5110776,
				[ 748.9208, 80.89235, 709.5934 ]
			],
			[
				6,
				210.0,
				0.0,
				0.5110776,
				[ 748.495, 81.28073, 718.3121 ]
			],
			[
				6,
				30.0,
				0.0,
				0.5110776,
				[ 749.8082, 81.59997, 729.4355 ]
			],
			[
				6,
				210.0,
				0.0,
				0.5110776,
				[ 747.9937, 81.59973, 739.0405 ]
			],
			[
				6,
				-150.0,
				0.0,
				0.5110776,
				[ 760.0566, 82.006, 736.3527 ]
			],
			[
				3,
				0.0,
				0.0,
				1.037781,
				[ 798.7379, 81.25596, 641.7945 ]
			],
			[
				4,
				-70.0,
				0.0,
				1.0,
				[ 798.7379, 81.25596, 641.7945 ]
			],
			[
				3,
				-240.0,
				0.0,
				1.037781,
				[ 799.0954, 83.3148, 658.201 ]
			],
			[
				4,
				-201.0,
				0.0,
				1.0,
				[ 799.0954, 83.3148, 658.201 ]
			],
			[
				3,
				150.0,
				0.0,
				1.037781,
				[ 821.4594, 83.34567, 661.0161 ]
			],
			[
				4,
				-62.0,
				0.0,
				1.0,
				[ 821.4594, 83.34567, 661.0161 ]
			]
		],
		"players" : 
		[
			{
				"armor" : 
				{
					"head" : 1.0,
					"high" : 1.0,
					"low" : 1.0
				},
				"clothes" : 
				[
					{
						"path" : "Textures/FancyPantsCamo.png",
						"tintb" : 1.0,
						"tintg" : 1.0,
						"tintr" : 1.0
					}
				],
				"coords" : [ 794.6757, 84.21659, 665.4546 ],
				"creature" : 0,
				"metal" : 
				{
					"head" : false,
					"high" : false,
					"low" : false
				},
				"power" : 1.111111,
				"protection" : 
				{
					"head" : 1.0,
					"high" : 1.0,
					"low" : 1.0
				},
				"speedmult" : 1.0,
				"targetyaw" : 1371.088,
				"whichskin" : 0,
				"yaw" : 1371.088
			},
			{
				"armor" : 
				{
					"head" : 1.0,
					"high" : 1.0,
					"low" : 1.0
				},
				"clothes" : 
				[
					{
						"path" : "Textures/Shirt.png",
						"tintb" : 0.1,
						"tintg" : 0.1,
						"tintr" : 0.1
					},
					{
						"path" : "Textures/FancyPants.png",
						"tintb" : 0.1,
						"tintg" : 0.1,
						"tintr" : 0.1
					},
					{
						"path" : "Textures/HeadBand.png",
						"tintb" : 0.1,
						"tintg" : 0.1,
						"tintr" : 0.1
					}
				],
				"coords" : [ 753.8085, 84.59973, 734.1783 ],
				"creature" : 0,
				"howactive" : 0,
				"immobile" : false,
				"metal" : 
				{
					"head" : false,
					"high" : false,
					"low" : false
				},
				"power" : 1.111111,
				"proportions" : [ 1.0, 0.9999999, 1.0, 1.0 ],
				"protection" : 
				{
					"head" : 1.0,
					"high" : 1.0,
					"low" : 1.0
				},
				"scale" : 0.2,
				"speedmult" : 1.0,
				"waypoint" : 1,