{
	"map" : 
	{
		"center" : [ 743.1896, 87.99147, 709.3239 ],
		"dialogs" : null,
		"environment" : 2,
		"fadestart" : 0.6,
		"hostile" : 1,
		"objects" : 
		[
			[
				6,
				-270.0,
				0.0,
				0.8809812,
				[ 826.8012, 102.0088, 823.6396 ]
			],
			[
				6,
				-150.0,
				0.0,
				0.8809812,
				[ 857.1989, 103.1075, 869.07 ]
			],
			[
				6,
				-240.0,
				0.0,
				0.8809812,
				[ 852.4397, 100.9174, 887.3843 ]
			],
			[
				6,
				150.0,
				0.0,
				0.8809812,
				[ 790.0698, 91.82217, 894.7554 ]
			],
			[
				0,
				-30.0,
				-228.0,
				0.4748734,
				[ 797.2426, 110.2987, 851.4146 ]
			],
			[
				0,
				0.0,
				275.0,
				0.4748734,
				[ 822.6067, 101.6855, 847.1628 ]
			],
			[
				0,
				-330.0,
				-213.0,
				0.4748734,
				[ 845.5113, 102.1819, 844.8171 ]
			],
			[
				0,
				-90.0,
				15.0,
				0.4748734,
				[ 845.7908, 103.1475, 826.6586 ]
			],
			[
				0,
				-210.0,
				-93.0,
				0.4748734,
				[ 871.2623, 94.19753, 836.8067 ]
			],
			[
				0,
				0.0,
				100.0,
				0.4748734,
				[ 869.5809, 99.2973, 880.6279 ]
			],
			[
				0,
				270.0,
				-112.0,
				0.4748734,
				[ 821.4163, 92.30926, 894.0181 ]
			],
			[
				0,
				-150.0,
				191.0,
				0.4748734,
				[ 797.8813, 96.1609, 879.8076 ]
			],
			[
				3,
				0.0,
				1.0,
				1.007961,
				[ 856.0143, 111.2821, 797.0422 ]
			],
			[
				4,
				20.0,
				1.08521,
				1.0,
				[ 856.0143, 111.2821, 797.0422 ]
			],
			[
				3,
				-120.0,
				1.0,
				1.007961,
				[ 823.6391, 105.4163, 774.0634 ]
			],
			[
				4,
				8.0,
				1.08521,
				1.0,
				[ 823.6391, 105.4163, 774.0634 ]
			],
			[
				3,
				-240.0,
				1.0,
				1.007961,
				[ 781.2325, 106.3569, 789.035 ]
			],
			[
				4,
				357.0,
				1.08521,
				1.0,
				[ 781.2325, 106.3569, 789.035 ]
			],
			[
				3,
				240.0,
				1.0,
				1.007961,
				[ 770.5905, 115.6452, 822.7471 ]
			],
			[
				4,
				89.0,
				1.08521,
				1.0,
				[ 770.5905, 115.6452, 822.7471 ]
			],
			[
				3,
				-180.0,
				1.0,
				1.007961,
				[ 793.9772, 114.9822, 836.8698 ]
			],
			[
				4,
				-75.0,
				1.08521,
				1.0,
				[ 793.9772, 114.9822, 836.8698 ]
			],
			[
				3,
				240.0,
				1.0,
				1.007961,
				[ 768.4243, 106.3991, 857.7029 ]
			],
			[
				4,
				0.0,
				1.08521,
				1.0,
				[ 768.4243, 106.3991, 857.7029 ]
			],
			[
				3,
				-30.0,
				1.0,
				1.007961,
				[ 771.6133, 89.11564, 898.0243 ]
			],
			[
				4,
				-281.0,
				1.08521,
				1.0,
				[ 771.6133, 89.11564, 898.0243 ]
			],
			[
				3,
				-210.0,
				1.0,
				1.007961,
				[ 761.7006, 72.526, 945.5485 ]
			],
			[
				4,
				-174.0,
				1.08521,
				1.0,
				[ 761.7006, 72.526, 945.5485 ]
			],
			[
				3,
				-120.0,
				1.0,
				1.007961,
				[ 793.8871, 72.37222, 946.227 ]
			],
			[
				4,
				-56.0,
				1.08521,
				1.0,
				[ 793.8871, 72.37222, 946.227 ]
			],
			[
				3,
				210.0,
				1.0,
				1.007961,
				[ 820.1662, 87.89112, 920.9782 ]
			],
			[
				4,
				151.0,
				1.08521,
				1.0,
				[ 820.1662, 87.89112, 920.9782 ]
			],
			[
				3,
				-60.0,
				1.0,
				1.007961,
				[ 844.0689, 99.16928, 901.3538 ]
			],
			[
				4,
				358.0,
				1.08521,
				1.0,
				[ 844.0689, 99.16928, 901.3538 ]
			],
			[
				3,
				-330.0,
				1.0,
				1.007961,
				[ 871.0126, 97.47913, 889.2686 ]
			],
			[
				4,
				-20.0,
				1.08521,
				1.0,
				[ 871.0126, 97.47913, 889.2686 ]
			],
			[
				3,
				-240.0,
				1.0,
				1.007961,
				[ 869.1696, 97.67725, 852.2794 ]
			],
			[
				4,
				-13.0,
				1.08521,
				1.0,
				[ 869.1696, 97.67725, 852.2794 ]
			],
			[
				3,
				-120.0,
				1.0,
				1.007961,
				[ 832.1367, 104.4679, 788.4445 ]
			],
			[
				4,
				66.0,
				1.08521,
				1.0,
				[ 832.1367, 104.4679, 788.4445 ]
			],
			[
				5,
				180.0,
				1.0,
				0.283923,
				[ 815.2109, 107.3759, 785.4781 ]
			],
			[
				5,
				-240.0,
				1.0,
				0.283923,
				[ 801.87, 104.6773, 811.4686 ]
			],
			[
				5,
				-330.0,
				1.0,
				0.283923,
				[ 821.6337, 105.754, 827.4348 ]
			],
			[
				5,
				120.0,
				1.0,
				0.283923,
				[ 828.2811, 105.2748, 830.4808 ]
			],
			[
				5,
				60.0,
				1.0,
				0.283923,
				[ 830.5806, 105.5844, 808.663 ]
			],
			[
				5,
				-90.0,
				1.0,
				0.283923,
				[ 844.3621, 109.7171, 805.8157 ]
			],
			[
				5,
				-90.0,
				1.0,
				0.283923,
				[ 857.5209, 102.6126, 827.3787 ]
			],
			[
				5,
				60.0,
				1.0,
				0.283923,
				[ 867.9279, 98.86897, 848.2493 ]
			],
			[
				5,
				120.0,
				1.0,
				0.283923,
				[ 857.9641, 104.0101, 859.2029 ]
			],
			[
				5,
				30.0,
				1.0,
				0.283923,
				[ 851.073, 103.8478, 874.4452 ]
			],
			[
				5,
				330.0,
				1.0,
				0.283923,
				[ 854.5073, 104.0492, 899.9136 ]
			],
			[
				5,
				-330.0,
				1.0,
				0.283923,
				[ 798.4142, 93.59941, 898.0636 ]
			],
			[
				5,
				30.0,
				1.0,
				0.283923,
				[ 807.4965, 97.94194, 879.3408 ]
			],
			[
				5,
				-30.0,
				1.0,
				0.283923,
				[ 811.6001, 105.7946, 856.2593 ]
			],
			[
				5,
				180.0,
				1.0,
				0.283923,
				[ 834.1277, 106.4827, 847.4341 ]
			],
			[
				5,
				-240.0,
				1.0,
				0.283923,
				[ 789.9608, 117.5185, 839.6793 ]
			],
			[
				5,
				-300.0,
				1.0,
				0.283923,
				[ 776.1508, 106.4318, 861.517 ]
			],
			[
				5,
				210.0,
				1.0,
				0.283923,
				[ 785.1794, 111.6606, 854.3686 ]
			],
			[
				5,
				330.0,
				1.0,
				0.283923,
				[ 802.1702, 107.4109, 768.4971 ]
			],
			[
				5,
				270.0,
				1.0,
				0.283923,
				[ 851.538, 116.2115, 755.3912 ]
			],
			[
				5,
				300.0,
				1.0,
				0.283923,
				[ 859.1752, 113.8234, 767.0394 ]
			]
		],
		"players" : 
		[
			{
				"armor" : 
				{
					"head" : 3.0,
					"high" : 3.0,
					"low" : 3.0
				},
				"clothes" : 
				[
					{
						"path" : "Textures/FancyPantsCamoDesert.png",
						"tintb" : 0.5,
						"tintg" : 0.5,
						"tintr" : 0.5
					}
				],
				"coords" : [ 855.6874, 114.3479, 794.3062 ],
				"creature" : 0,
				"metal" : 
				{
					"head" : false,
					"high" : false,
					"low" : false
				},
				"power" : 1.111111,
				"protection" : 
				{
					"head" : 1.0,
					"high" : 1.0,
					"low" : 1.0
				},
				"speedmult" : 1.0,
				"targetyaw" : 2133.712,
				"whichskin" : 0,
				"yaw" : 2116.188
			},
			{
				"armor" : 
				{
					"head" : 1.0,
					"high" : 1.5,
					"low" : 1.0
				},
				"clothes" : 
				[
					{
						"path" : "Textures/LeatherArmor.png",
						"tintb" : 1.0,
						"tintg" : 1.0,
						"tintr" : 1.0
					},
					{
						"path" : "Textures/Pants.png",
						"tintb" : 0.3,
						"tintg" : 0.4,
						"tintr" : 0.5
					}
				],
				"coords" : [ 826.1476, 105.624, 834.1531 ],
				"creature" : 0,
				"howactive" : 0,
				"immobile" : false,
				"metal" : 
				{
					"head" : false,
					"high" : false,
					"low" : false
				},
				"power" : 1.111111,
				"proportions" : [ 1.0, 0.9999999, 1.0, 1.0 ],
				"protection" : 
				{
					"head" : 1.5,
					"high" : 1.5,
					"low" : 1.5
				},
				"scale" : 0.2,
				"speedmult" : 1.0,
				"waypoint" : 0,
				"waypoints" : 
				[
					{
						"pos" : [ 817.5752, 106.6968, 825.7428 ],
						"type" : 0
					},
					{
						"pos" : [ 822.4651, 104.6126, 818.3209 ],
						"type" : 0
					},
					{
						"pos" : [ 828.3976, 105.3429, 816.324 ],
						"type" : 0
					},
					{
						"pos" : [ 835.1302, 105.6333, 822.5588 ],
						"type" : 0
					},
					{
						"pos" : [ 831.8409, 105.7132, 832.8736 ],
						"type" : 0
					},
					{
						"pos" : [ 825.3134, 105.8212, 834.298 ],
						"type" : 0
					}
				],
				"weapons" : [ 1 ],
				"whichskin" : 2,
				"yaw" : -73.33316
			},
			{
				"armor" : 
				{
					"head" : 1.0,
					"high" : 1.5,
					"low" : 1.0
				},
				"clothes" : 
				[
					{
						"path" : "Textures/LeatherArmor.png",
						"tintb" : 0.5,
						"tintg" : 0.5,
						"tintr" : 0.5
					},
					{
						"path" : "Textures/FancyPants.png",
						"tintb" : 0.1,
						"tintg" : 0.1,
						"tintr" : 0.1
					},
					{
						"path" : "Textures/HeadBand.png",