{
	"map" : 
	{
		"center" : [ 743.1896, 87.99147, 709.3239 ],
		"dialogs" : null,
		"environment" : 1,
		"fadestart" : 0.6,
		"hostile" : 1,
		"objects" : 
		[
			[
				6,
				60.0,
				0.0,
				0.6929861,
				[ 577.5505, 82.64544, 618.3434 ]
			],
			[
				6,
				60.0,
				0.0,
				0.6929861,
				[ 594.2249, 80.33302, 624.5126 ]
			],
			[
				6,
				-90.0,
				0.0,
				0.6929861,
				[ 585.4193, 80.41197, 603.4583 ]
			],
			[
				6,
				30.0,
				0.0,
				0.6929861,
				[ 559.7039, 83.2298, 613.2497 ]
			],
			[
				6,
				-120.0,
				0.0,
				0.6929861,
				[ 570.1907, 82.79993, 633.6802 ]
			],
			[
				6,
				330.0,
				0.0,
				0.6929861,
				[ 549.1392, 80.78081, 634.1246 ]
			],
			[
				6,
				-60.0,
				0.0,
				0.6929861,
				[ 556.7357, 80.3931, 593.9276 ]
			],
			[
				6,
				120.0,
				0.0,
				0.6929861,
				[ 604.7501, 76.72813, 607.5327 ]
			],
			[
				6,
				240.0,
				0.0,
				0.6929861,
				[ 591.834, 81.21707, 647.5771 ]
			],
			[
				0,
				-120.0,
				0.0,
				0.9827986,
				[ 526.7341, 79.84779, 651.9147 ]
			],
			[
				0,
				-90.0,
				0.0,
				0.9827986,
				[ 619.1899, 76.20063, 603.4995 ]
			],
			[
				3,
				0.0,
				0.0,
				0.9435554,
				[ 601.9193, 81.77139, 661.7097 ]
			],
			[
				4,
				-296.0,
				0.0,
				1.0,
				[ 601.9193, 81.77139, 661.7097 ]
			],
			[
				3,
				0.0,
				0.0,
				0.9435554,
				[ 575.9632, 80.91022, 666.9005 ]
			],
			[
				4,
				-97.0,
				0.0,
				1.0,
				[ 575.9632, 80.91022, 666.9005 ]
			],
			[
				3,
				0.0,
				0.0,
				0.9435554,
				[ 566.5549, 79.80015, 694.1453 ]
			],
			[
				4,
				137.0,
				0.0,
				1.0,
				[ 566.5549, 79.80015, 694.1453 ]
			],
			[
				3,
				0.0,
				0.0,
				0.9435554,
				[ 538.0375, 79.73669, 677.9779 ]
			],
			[
				4,
				-209.0,
				0.0,
				1.0,
				[ 538.0375, 79.73669, 677.9779 ]
			],
			[
				3,
				0.0,
				0.0,
				0.9435554,
				[ 505.4786, 78.43258, 680.1631 ]
			],
			[
				4,
				-107.0,
				0.0,
				1.0,
				[ 505.4786, 78.43258, 680.1631 ]
			],
			[
				3,
				0.0,
				0.0,
				0.9435554,
				[ 500.6692, 77.40047, 639.9074 ]
			],
			[
				4,
				274.0,
				0.0,
				1.0,
				[ 500.6692, 77.40047, 639.9074 ]
			],
			[
				3,
				0.0,
				0.0,
				0.9435554,
				[ 518.9548, 78.29597, 614.7057 ]
			],
			[
				4,
				74.0,
				0.0,
				1.0,
				[ 518.9548, 78.29597, 614.7057 ]
			],
			[
				3,
				0.0,
				0.0,
				0.9435554,
				[ 507.401, 77.6601, 588.7753 ]
			],
			[
				4,
				310.0,
				0.0,
				1.0,
				[ 507.401, 77.6601, 588.7753 ]
			],
			[
				3,
				0.0,
				0.0,
				0.9435554,
				[ 530.7457, 78.73442, 589.8563 ]
			],
			[
				4,
				196.0,
				0.0,
				1.0,
				[ 530.7457, 78.73442, 589.8563 ]
			],
			[
				3,
				0.0,
				0.0,
				0.9435554,
				[ 555.0804, 76.7596, 569.7993 ]
			],
			[
				4,
				31.0,
				0.0,
				1.0,
				[ 555.0804, 76.7596, 569.7993 ]
			],
			[
				3,
				0.0,
				0.0,
				0.9435554,
				[ 577.9855, 74.92893, 563.5154 ]
			],
			[
				4,
				-343.0,
				0.0,
				1.0,
				[ 577.9855, 74.92893, 563.5154 ]
			],
			[
				3,
				0.0,
				0.0,
				0.9435554,
				[ 587.7437, 77.32108, 581.2123 ]
			],
			[
				4,
				-301.0,
				0.0,
				1.0,
				[ 587.7437, 77.32108, 581.2123 ]
			],
			[
				3,
				0.0,
				0.0,
				0.9435554,
				[ 604.7596, 72.88158, 570.167 ]
			],
			[
				4,
				-343.0,
				0.0,
				1.0,
				[ 604.7596, 72.88158, 570.167 ]
			],
			[
				3,
				0.0,
				0.0,
				0.9435554,
				[ 632.8089, 79.43036, 562.7663 ]
			],
			[
				4,
				-270.0,
				0.0,
				1.0,
				[ 632.8089, 79.43036, 562.7663 ]
			],
			[
				3,
				0.0,
				0.0,
				0.9435554,
				[ 654.9519, 87.4875, 587.5237 ]
			],
			[
				4,
				-162.0,
				0.0,
				1.0,
				[ 654.9519, 87.4875, 587.5237 ]
			],
			[
				3,
				0.0,
				0.0,
				0.9435554,
				[ 666.1322, 88.74371, 597.2163 ]
			],
			[
				4,
				-105.0,
				0.0,
				1.0,
				[ 666.1322, 88.74371, 597.2163 ]
			],
			[
				3,
				0.0,
				0.0,
				0.9435554,
				[ 669.7778, 84.99792, 616.4766 ]
			],
			[
				4,
				-354.0,
				0.0,
				1.0,
				[ 669.7778, 84.99792, 616.4766 ]
			],
			[
				3,
				0.0,
				0.0,
				0.9435554,
				[ 626.8486, 77.00993, 634.0496 ]
			],
			[
				4,
				13.0,
				0.0,
				1.0,
				[ 626.8486, 77.00993, 634.0496 ]
			],
			[
				5,
				-180.0,
				0.0,
				0.3392084,
				[ 600.4308, 84.10027, 657.996 ]
			],
			[
				5,
				-210.0,
				0.0,
				0.3392084,
				[ 586.5842, 83.34074, 669.5923 ]
			],
			[
				5,
				-180.0,
				0.0,
				0.3392084,
				[ 562.8097, 82.50029, 680.8841 ]
			],
			[
				5,
				180.0,
				0.0,
				0.3392084,
				[ 551.5803, 82.08611, 656.7014 ]
			],
			[
				5,
				-330.0,
				0.0,
				0.3392084,
				[ 558.2794, 84.70525, 638.2234 ]
			],
			[
				5,
				-300.0,
				0.0,
				0.3392084,
				[ 573.9529, 85.49992, 636.824 ]
			],
			[
				5,
				300.0,
				0.0,
				0.3392084,
				[ 609.6876, 79.5468, 619.8422 ]
			],
			[
				5,
				-210.0,
				0.0,
				0.3392084,
				[ 640.5001, 80.29647, 610.0651 ]
			],
			[
				5,
				30.0,
				0.0,
				0.3392084,
				[ 609.8564, 75.44926, 579.205 ]
			],
			[
				5,
				60.0,
				0.0,
				0.3392084,
				[ 588.8548, 80.43083, 586.1616 ]
			],
			[
				5,
				60.0,
				0.0,
				0.3392084,
				[ 566.6489, 79.50615, 571.3535 ]
			],
			[
				5,
				-270.0,
				0.0,
				0.3392084,
				[ 538.6628, 79.09196, 547.9235 ]
			],
			[
				5,
				180.0,
				0.0,
				0.3392084,
				[ 514.8884, 79.49956, 575.46 ]
			],
			[
				5,
				180.0,
				0.0,
				0.3392084,
				[ 498.6778, 80.6425, 612.5713 ]
			],
			[
				5,
				270.0,
				0.0,
				0.3392084,
				[ 533.9988, 81.97734, 635.2321 ]
			]
		],
		"players" : 
		[
			{
				"armor" : 
				{
					"head" : 1.0,
					"high" : 1.0,
					"low" : 1.0
				},
				"clothes" : 
				[
					{
						"path" : "Textures/FancyPantsCamo.png",
						"tintb" : 1.0,
						"tintg" : 1.0,
						"tintr" : 1.0
					}
				],
				"coords" : [ 601.413, 85.04533, 664.4487 ],
				"creature" : 0,
				"metal" : 
				{
					"head" : false,
					"high" : false,
					"low" : false
				},
				"power" : 1.111111,
				"protection" : 
				{
					"head" : 1.0,
					"high" : 1.0,
					"low" : 1.0
				},
				"speedmult" : 1.0,
				"targetyaw" : -1558.209,
				"whichskin" : 0,
				"yaw" : -1558.209
			},
			{
				"armor" : 
				{
					"head" : 1.0,
					"high" : 1.0,
					"low" : 1.0
				},
				"clothes" : 
				[
					{
						"path" : "Textures/Pants.png",
						"tintb" : 0.1,
						"tintg" : 0.2,
						"tintr" : 0.3
					},
					{
						"path" : "Textures/Shirt.png",
						"tintb" : 0.2,
						"tintg" : 0.4,
						"tintr" : 0.6
					}
				],
				"coords" : [ 619.5157, 82.89228, 598.3088 ],
				"creature" : 0,
				"howactive" : 0,
				"immobile" : false,
				"metal" : 
				{
					"head" : false,
					"high" : false,
					"low" : false
				},
				"power" : 1.111111,
				"proportions" : [ 1.0, 0.9999999, 1.0, 1.0 ],
				"protection" : 
				{
					"head" : 1.0,
					"high" : 1.0,
					"low" : 1.0
				},
				"scale" : 0.2,
				"speedmult" : 1.0,
				"waypoint" : 0,
				"waypoints" : 
				[
					{
						"pos" : [ 615.8499, 82.8936, 598.3206 ],
						"type" : 0
					},
					{
						"pos" : [ 625.1214, 82.8904, 598.2988 ],
						"type" : 0
					}
				],
				"whichskin" : 6,
				"yaw" : -89.86317
			},
			{
				"armor" : 
				{
					"head" : 1.0,
					"high" : 1.0,
					"low" : 1.0
				},
				"clothes" : 
				[
					{
						"path" : "Textures/FancyPants.png",
						"tintb" : 0.1,
						"tintg" : 0.3,
						"tintr" : 0.1
					},
					{
						"path" : "Textures/EarWrap.png",
						"tintb" : 0.1,
						"tintg" : 0.3,
						"tintr" : 0.1
					}
				],
				"coords" : [ 618.2267, 83.04518, 607.0473 ],
				"creature" : 0,
				"howactive" : 0,
				"immobile" : false,
				"metal" : 
				{
					"head" : false,
					"high" : false,
					"low" : false
				},
				"power" : 1.111111,
				"proportions" : [ 1.0, 0.9999999, 1.0, 1.0 ],
				"protection" : 
				{
					"head" : 1.0,
					"high" : 1.0,
					"low" : 1.0
				},
				"scale" : 0.2,
				"speedmult" : 1.0,