{
	"map" : 
	{
		"center" : [ 743.1896, 87.99147, 709.3239 ],
		"dialogs" : null,
		"environment" : 0,
		"fadestart" : 0.6,
		"hostile" : 1,
		"objects" : 
		[
			[
				3,
				0.0,
				0.0,
				1.005765,
				[ 765.7913, 81.74779, 705.5265 ]
			],
			[
				4,
				-144.0,
				0.0,
				1.0,
				[ 765.7913, 81.74779, 705.5265 ]
			],
			[
				3,
				0.0,
				0.0,
				1.005765,
				[ 733.2262, 79.05414, 692.7122 ]
			],
			[
				4,
				-182.0,
				0.0,
				1.0,
				[ 733.2262, 79.05414, 692.7122 ]
			],
			[
				3,
				0.0,
				0.0,
				1.005765,
				[ 741.4852, 81.63335, 711.1948 ]
			],
			[
				4,
				-219.0,
				0.0,
				1.0,
				[ 741.4852, 81.63335, 711.1948 ]
			],
			[
				3,
				0.0,
				0.0,
				1.005765,
				[ 744.7362, 82.90722, 729.6503 ]
			],
			[
				4,
				234.0,
				0.0,
				1.0,
				[ 744.7362, 82.90722, 729.6503 ]
			],
			[
				3,
				0.0,
				0.0,
				1.005765,
				[ 776.2501, 84.96645, 730.7209 ]
			],
			[
				4,
				307.0,
				0.0,
				1.0,
				[ 776.2501, 84.96645, 730.7209 ]
			],
			[
				3,
				0.0,
				0.0,
				1.005765,
				[ 766.6967, 84.10885, 730.1722 ]
			],
			[
				4,
				245.0,
				0.0,
				1.0,
				[ 766.6967, 84.10885, 730.1722 ]
			],
			[
				3,
				0.0,
				0.0,
				1.005765,
				[ 754.4217, 83.16257, 714.7745 ]
			],
			[
				4,
				-132.0,
				0.0,
				1.0,
				[ 754.4217, 83.16257, 714.7745 ]
			],
			[
				3,
				0.0,
				0.0,
				1.005765,
				[ 761.3616, 79.68776, 694.322 ]
			],
			[
				4,
				147.0,
				0.0,
				1.0,
				[ 761.3616, 79.68776, 694.322 ]
			],
			[
				3,
				0.0,
				0.0,
				1.005765,
				[ 756.7183, 72.47665, 670.8953 ]
			],
			[
				4,
				-155.0,
				0.0,
				1.0,
				[ 756.7183, 72.47665, 670.8953 ]
			],
			[
				3,
				0.0,
				0.0,
				1.005765,
				[ 738.9094, 74.95143, 654.6818 ]
			],
			[
				4,
				40.0,
				0.0,
				1.0,
				[ 738.9094, 74.95143, 654.6818 ]
			],
			[
				3,
				0.0,
				0.0,
				1.005765,
				[ 735.6208, 77.06644, 677.3229 ]
			],
			[
				4,
				42.0,
				0.0,
				1.0,
				[ 735.6208, 77.06644, 677.3229 ]
			],
			[
				3,
				0.0,
				0.0,
				1.005765,
				[ 748.4875, 79.20506, 690.5152 ]
			],
			[
				4,
				-271.0,
				0.0,
				1.0,
				[ 748.4875, 79.20506, 690.5152 ]
			],
			[
				3,
				0.0,
				0.0,
				1.005765,
				[ 779.1858, 75.28331, 677.203 ]
			],
			[
				4,
				236.0,
				0.0,
				1.0,
				[ 779.1858, 75.28331, 677.203 ]
			],
			[
				3,
				0.0,
				0.0,
				1.005765,
				[ 800.9361, 85.54079, 655.5983 ]
			],
			[
				4,
				178.0,
				0.0,
				1.0,
				[ 800.9361, 85.54079, 655.5983 ]
			],
			[
				3,
				0.0,
				0.0,
				1.005765,
				[ 812.2107, 91.41519, 690.3965 ]
			],
			[
				4,
				102.0,
				0.0,
				1.0,
				[ 812.2107, 91.41519, 690.3965 ]
			],
			[
				3,
				0.0,
				0.0,
				1.005765,
				[ 814.8661, 90.12057, 711.0126 ]
			],
			[
				4,
				-257.0,
				0.0,
				1.0,
				[ 814.8661, 90.12057, 711.0126 ]
			],
			[
				3,
				0.0,
				0.0,
				1.005765,
				[ 796.7939, 81.55467, 715.9492 ]
			],
			[
				4,
				-61.0,
				0.0,
				1.0,
				[ 796.7939, 81.55467, 715.9492 ]
			],
			[
				3,
				0.0,
				0.0,
				1.005765,
				[ 779.0372, 83.28273, 720.4772 ]
			],
			[
				4,
				-221.0,
				0.0,
				1.0,
				[ 779.0372, 83.28273, 720.4772 ]
			],
			[
				3,
				0.0,
				0.0,
				1.005765,
				[ 768.0479, 97.1618, 762.0847 ]
			],
			[
				4,
				-193.0,
				0.0,
				1.0,
				[ 768.0479, 97.1618, 762.0847 ]
			],
			[
				3,
				0.0,
				0.0,
				1.005765,
				[ 768.3976, 109.2136, 781.0339 ]
			],
			[
				4,
				-343.0,
				0.0,
				1.0,
				[ 768.3976, 109.2136, 781.0339 ]
			],
			[
				3,
				0.0,
				0.0,
				1.005765,
				[ 753.7606, 111.7909, 796.5944 ]
			],
			[
				4,
				-274.0,
				0.0,
				1.0,
				[ 753.7606, 111.7909, 796.5944 ]
			],
			[
				3,
				0.0,
				0.0,
				1.005765,
				[ 728.281, 116.201, 813.668 ]
			],
			[
				4,
				340.0,
				0.0,
				1.0,
				[ 728.281, 116.201, 813.668 ]
			],
			[
				3,
				0.0,
				0.0,
				1.005765,
				[ 712.0637, 115.1645, 810.6143 ]
			],
			[
				4,
				-67.0,
				0.0,
				1.0,
				[ 712.0637, 115.1645, 810.6143 ]
			],
			[
				3,
				0.0,
				0.0,
				1.005765,
				[ 683.7962, 105.4862, 798.1291 ]
			],
			[
				4,
				314.0,
				0.0,
				1.0,
				[ 683.7962, 105.4862, 798.1291 ]
			],
			[
				3,
				0.0,
				0.0,
				1.005765,
				[ 681.0384, 94.55159, 769.2241 ]
			],
			[
				4,
				213.0,
				0.0,
				1.0,
				[ 681.0384, 94.55159, 769.2241 ]
			],
			[
				3,
				0.0,
				0.0,
				1.005765,
				[ 665.9749, 108.2766, 743.504 ]
			],
			[
				4,
				33.0,
				0.0,
				1.0,
				[ 665.9749, 108.2766, 743.504 ]
			],
			[
				3,
				0.0,
				0.0,
				1.005765,
				[ 678.0074, 99.288, 728.7792 ]
			],
			[
				4,
				119.0,
				0.0,
				1.0,
				[ 678.0074, 99.288, 728.7792 ]
			],
			[
				3,
				0.0,
				0.0,
				1.005765,
				[ 676.1589, 99.48184, 696.7207 ]
			],
			[
				4,
				-29.0,
				0.0,
				1.0,
				[ 676.1589, 99.48184, 696.7207 ]
			],
			[
				3,
				0.0,
				0.0,
				1.005765,
				[ 682.5165, 91.68056, 685.088 ]
			],
			[
				4,
				-208.0,
				0.0,
				1.0,
				[ 682.5165, 91.68056, 685.088 ]
			],
			[
				3,
				0.0,
				0.0,
				1.005765,
				[ 698.7733, 83.48944, 658.7491 ]
			],
			[
				4,
				313.0,
				0.0,
				1.0,
				[ 698.7733, 83.48944, 658.7491 ]
			],
			[
				3,
				0.0,
				0.0,
				1.005765,
				[ 712.0377, 81.64766, 636.1128 ]
			],
			[
				4,
				-176.0,
				0.0,
				1.0,
				[ 712.0377, 81.64766, 636.1128 ]
			],
			[
				3,
				0.0,
				0.0,
				1.005765,
				[ 710.7605, 79.22366, 669.1403 ]
			],
			[
				4,
				262.0,
				0.0,
				1.0,
				[ 710.7605, 79.22366, 669.1403 ]
			],
			[
				3,
				0.0,
				0.0,
				1.005765,
				[ 714.907, 80.25148, 709.0999 ]
			],
			[
				4,
				215.0,
				0.0,
				1.0,
				[ 714.907, 80.25148, 709.0999 ]
			],
			[
				5,
				-150.0,
				0.0,
				0.3801785,
				[ 724.4802, 83.64946, 725.2531 ]
			],
			[
				5,
				-120.0,
				0.0,
				0.3801785,
				[ 750.236, 85.72514, 720.4106 ]
			],
			[
				5,
				120.0,
				0.0,
				0.3801785,
				[ 778.6265, 84.77959, 713.4716 ]
			],
			[
				5,
				-300.0,
				0.0,
				0.3801785,
				[ 792.0971, 87.26653, 726.941 ]
			],
			[
				5,
				-330.0,
				0.0,
				0.3801785,
				[ 756.6631, 88.53128, 749.4989 ]
			],
			[
				5,
				-90.0,
				0.0,
				0.3801785,
				[ 735.0772, 84.70451, 737.2144 ]
			],
			[
				5,
				-120.0,
				0.0,
				0.3801785,
				[ 721.4416, 81.98247, 704.9493 ]
			],
			[
				5,
				-150.0,
				0.0,
				0.3801785,
				[ 704.4374, 86.86154, 683.9343 ]
			],
			[
				5,
				-270.0,
				0.0,
				0.3801785,
				[ 690.1552, 88.34795, 663.225 ]
			],
			[
				5,
				30.0,
				0.0,
				0.3801785,
				[ 704.2383, 83.17961, 648.3526 ]
			],
			[
				5,
				300.0,
				0.0,
				0.3801785,
				[ 737.0894, 78.65984, 659.2573 ]
			],
			[
				5,
				60.0,
				0.0,
				0.3801785,
				[ 745.147, 78.56755, 676.4708 ]
			],
			[
				5,
				330.0,
				0.0,
				0.3801785,
				[ 741.8675, 81.62248, 693.257 ]
			],
			[
				5,
				0.0,
				0.0,
				0.3801785,
				[ 765.9045, 82.58745, 700.4023 ]
			],
			[
				5,
				-60.0,
				0.0,
				0.3801785,
				[ 774.6755, 74.77177, 670.6494 ]
			],
			[
				5,
				150.0,
				0.0,
				0.3801785,
				[ 777.2522, 83.00163, 701.4485 ]
			]
		],
		"players" : 
		[
			{
				"armor" : 
				{
					"head" : 3.0,
					"high" : 3.0,
					"low" : 3.0
				},
				"clothes" : 
				[
					{
						"path" : "Textures/LeatherArmor.png",
						"tintb" : 0.6,
						"tintg" : 0.6,
						"tintr" : 0.6
					},
					{
						"path" : "Textures/FancyPantsCamoArctic.png",
						"tintb" : 0.2,
						"tintg" : 0.2,
						"tintr" : 0.2
					}
				],
				"coords" : [ 731.6682, 83.39095, 654.9577 ],
				"creature" : 0,
				"metal" : 
				{
					"head" : false,
					"high" : false,
					"low" : false
				},
				"power" : 1.111111,
				"protection" : 
				{
					"head" : 1.0,
					"high" : 1.0,
					"low" : 1.0
				},
				"speedmult" : 1.0,
				"targetyaw" : -2855.868,
				"whichskin" : 0,