{
	"map" : 
	{
		"center" : [ 743.1896, 87.99147, 709.3239 ],
		"dialogs" : null,
		"environment" : 2,
		"fadestart" : 0.6,
		"hostile" : 1,
		"objects" : 
		[
			[
				0,
				0.0,
				0.0,
				2.071475,
				[ 631.2032, 162.2573, 667.8442 ]
			],
			[
				0,
				0.0,
				0.0,
				0.7622761,
				[ 633.0023, 192.9136, 639.6939 ]
			],
			[
				6,
				330.0,
				0.0,
				0.4872712,
				[ 627.8541, 195.0845, 640.4825 ]
			],
			[
				6,
				330.0,
				0.0,
				0.4872712,
				[ 628.228, 195.0895, 635.3359 ]
			],
			[
				6,
				0.0,
				0.0,
				0.4872712,
				[ 631.3041, 195.1428, 634.2863 ]
			],
			[
				6,
				150.0,
				0.0,
				0.4872712,
				[ 636.0633, 195.2258, 634.0122 ]
			],
			[
				6,
				60.0,
				0.0,
				0.4872712,
				[ 637.3282, 195.2485, 635.9693 ]
			],
			[
				6,
				0.0,
				0.0,
				0.4872712,
				[ 637.8181, 195.2587, 641.4062 ]
			],
			[
				6,
				-210.0,
				0.0,
				0.4872712,
				[ 627.7918, 195.0825, 637.5142 ]
			],
			[
				6,
				90.0,
				0.0,
				0.7148065,
				[ 636.4014, 173.6418, 662.5139 ]
			],
			[
				6,
				-180.0,
				0.0,
				0.7148065,
				[ 630.6556, 173.5422, 664.8113 ]
			],
			[
				6,
				-270.0,
				0.0,
				0.7148065,
				[ 633.224, 173.5677, 667.2159 ]
			],
			[
				6,
				300.0,
				0.0,
				0.7148065,
				[ 637.3472, 173.6606, 670.3448 ]
			],
			[
				6,
				-240.0,
				0.0,
				0.7148065,
				[ 631.4645, 173.5592, 674.4394 ]
			],
			[
				6,
				-60.0,
				0.0,
				0.7148065,
				[ 628.4272, 173.4853, 671.2845 ]
			],
			[
				6,
				-30.0,
				0.0,
				0.7148065,
				[ 631.6308, 173.5415, 672.3843 ]
			],
			[
				6,
				330.0,
				0.0,
				0.7148065,
				[ 637.1802, 173.6592, 675.275 ]
			],
			[
				6,
				300.0,
				0.0,
				0.7148065,
				[ 641.4744, 173.7318, 667.5511 ]
			],
			[
				6,
				150.0,
				0.0,
				0.7148065,
				[ 635.3176, 173.6283, 680.2644 ]
			],
			[
				6,
				330.0,
				0.0,
				0.7148065,
				[ 640.9993, 173.7266, 677.5028 ]
			],
			[
				6,
				-90.0,
				0.0,
				0.7148065,
				[ 642.7982, 173.7565, 672.5495 ]
			],
			[
				6,
				180.0,
				0.0,
				0.7148065,
				[ 642.8558, 173.7595, 679.1778 ]
			],
			[
				6,
				240.0,
				0.0,
				0.7148065,
				[ 626.5121, 173.4732, 675.8552 ]
			],
			[
				6,
				-300.0,
				0.0,
				0.7148065,
				[ 617.4128, 173.3085, 656.308 ]
			],
			[
				0,
				0.0,
				0.0,
				1.864699,
				[ 606.1201, 167.9109, 668.3675 ]
			],
			[
				0,
				0.0,
				0.0,
				0.5571262,
				[ 605.6138, 182.1509, 666.3132 ]
			]
		],
		"players" : 
		[
			{
				"armor" : 
				{
					"head" : 3.0,
					"high" : 3.0,
					"low" : 3.0
				},
				"clothes" : 
				[
					{
						"path" : "Textures/FancyPantsCamoDesert.png",
						"tintb" : 0.5,
						"tintg" : 0.5,
						"tintr" : 0.5
					}
				],
				"coords" : [ 633.5037, 198.1839, 643.1322 ],
				"creature" : 0,
				"metal" : 
				{
					"head" : false,
					"high" : false,
					"low" : false
				},
				"power" : 1.111111,
				"protection" : 
				{
					"head" : 1.0,
					"high" : 1.0,
					"low" : 1.0
				},
				"speedmult" : 1.0,
				"targetyaw" : -369.1727,
				"whichskin" : 0,
				"yaw" : -369.1727
			},
			{
				"armor" : 
				{
					"head" : 3.0,
					"high" : 3.0,
					"low" : 3.0
				},
				"clothes" : 
				[
					{
						"path" : "Textures/Pants.png",
						"tintb" : 0.2,
						"tintg" : 0.2,
						"tintr" : 0.4
					},
					{
						"path" : "Textures/EarWrap.png",
						"tintb" : 0.2,
						"tintg" : 0.2,
						"tintr" : 0.4
					}
				],
				"coords" : [ 639.9512, 177.2711, 670.8906 ],
				"creature" : 0,
				"howactive" : 0,
				"immobile" : false,
				"metal" : 
				{
					"head" : false,
					"high" : false,
					"low" : false
				},
				"power" : 1.111111,
				"proportions" : [ 1.0, 0.9999999, 1.0, 1.0 ],
				"protection" : 
				{
					"head" : 1.0,
					"high" : 1.0,
					"low" : 1.0
				},
				"scale" : 0.2,
				"speedmult" : 1.0,
				"waypoint" : 0,
				"waypoints" : 
				[
					{
						"pos" : [ 643.7874, 178.1949, 670.9034 ],
						"type" : 0
					},
					{
						"pos" : [ 645.8844, 176.8051, 655.348 ],
						"type" : 0
					},
					{
						"pos" : [ 636.6153, 176.6429, 653.9037 ],
						"type" : 0
					},
					{
						"pos" : [ 629.0187, 177.7914, 670.8951 ],
						"type" : 0
					}
				],
				"whichskin" : 2,
				"yaw" : 107.7132
			},
			{
				"armor" : 
				{
					"head" : 3.0,
					"high" : 3.0,
					"low" : 3.0
				},
				"clothes" : 
				[
					{
						"path" : "Textures/FancyPants.png",
						"tintb" : 0.6,
						"tintg" : 0.3,
						"tintr" : 0.4
					}
				],
				"coords" : [ 624.8835, 176.4402, 660.6797 ],
				"creature" : 0,
				"howactive" : 0,
				"immobile" : false,
				"metal" : 
				{
					"head" : false,
					"high" : false,
					"low" : false
				},
				"power" : 1.111111,
				"proportions" : [ 1.0, 0.9999999, 1.0, 1.0 ],
				"protection" : 
				{
					"head" : 1.0,
					"high" : 1.0,
					"low" : 1.0
				},
				"scale" : 0.2,
				"speedmult" : 1.0,
				"waypoint" : 5,
				"waypoints" : 
				[
					{
						"pos" : [ 623.1544, 176.4159, 679.953 ],
						"type" : 0
					},
					{
						"pos" : [ 636.5348, 178.3491, 680.7289 ],
						"type" : 0
					},
					{
						"pos" : [ 640.0466, 178.1822, 667.1005 ],
						"type" : 0
					},
					{
						"pos" : [ 637.0254, 176.6509, 656.6594 ],
						"type" : 0
					},
					{
						"pos" : [ 625.9849, 176.4582, 656.6897 ],
						"type" : 0
					},
					{
						"pos" : [ 624.4109, 176.4323, 661.8221 ],
						"type" : 0
					}
				],
				"whichskin" : 4,
				"yaw" : -22.48759
			},
			{
				"armor" : 
				{
					"head" : 3.0,
					"high" : 3.0,
					"low" : 3.0
				},
				"clothes" : 
				[
					{
						"path" : "Textures/Pants.png",
						"tintb" : 0.3,
						"tintg" : 0.4,
						"tintr" : 0.6
					},
					{
						"path" : "Textures/HeadBand.png",
						"tintb" : 0.3,
						"tintg" : 0.4,
						"tintr" : 0.6
					}
				],
				"coords" : [ 607.6412, 180.803, 659.0789 ],
				"creature" : 0,
				"howactive" : 0,
				"immobile" : false,
				"metal" : 
				{
					"head" : false,
					"high" : false,
					"low" : false
				},
				"power" : 1.111111,
				"proportions" : [ 1.0, 0.9999999, 1.0, 1.0 ],
				"protection" : 
				{
					"head" : 1.0,
					"high" : 1.0,
					"low" : 1.0
				},
				"scale" : 0.2,
				"speedmult" : 1.0,
				"waypoint" : 1,
				"waypoints" : 
				[
					{
						"pos" : [ 616.8503, 180.9637, 658.9641 ],
						"type" : 0
					},
					{
						"pos" : [ 597.3544, 180.6234, 658.7872 ],
						"type" : 0
					},
					{
						"pos" : [ 596.1267, 180.6067, 674.1971 ],
						"type" : 0
					},
					{
						"pos" : [ 615.5991, 180.9477, 678.1291 ],
						"type" : 0
					}
				],
				"weapons" : [ 1 ],
				"whichskin" : 6,
				"yaw" : 268.1339
			},
			{
				"armor" : 
				{
					"head" : 3.0,
					"high" : 3.0,
					"low" : 3.0
				},
				"clothes" : 
				[
					{
						"path" : "Textures/FancyPants.png",
						"tintb" : 0.1,
						"tintg" : 0.2,
						"tintr" : 0.1
					},
					{
						"path" : "Textures/HeadBand.png",
						"tintb" : 0.1,
						"tintg" : 0.2,
						"tintr" : 0.1
					}
				],
				"coords" : [ 614.6365, 180.9306, 677.11 ],
				"creature" : 0,
				"howactive" : 0,
				"immobile" : false,
				"metal" : 
				{
					"head" : false,
					"high" : false,
					"low" : false
				},
				"power" : 1.111111,
				"proportions" : [ 1.0, 0.9999999, 1.0, 1.0 ],
				"protection" : 
				{
					"head" : 1.0,
					"high" : 1.0,
					"low" : 1.0
				},
				"scale" : 0.2,
				"speedmult" : 1.0,
				"waypoint" : 1,
				"waypoints" : 
				[
					{
						"pos" : [ 614.6365, 180.9305, 676.7392 ],
						"type" : 0
					},
					{
						"pos" : [ 615.8173, 180.9465, 661.6194 ],
						"type" : 0
					},
					{
						"pos" : [ 610.384, 180.8505, 657.786 ],
						"type" : 0
					},
					{
						"pos" : [ 598.4824, 180.6441, 661.9648 ],
						"type" : 0
					},
					{
						"pos" : [ 599.6508, 180.6679, 673.1431 ],
						"type" : 0
					}
				],
				"weapons" : [ 1 ],
				"whichskin" : 7,
				"yaw" : -502.1727
			}
		],