{
	"map" : 
	{
		"center" : [ 763.2858, 71.14375, 986.1272 ],
		"dialogs" : null,
		"environment" : 1,
		"fadestart" : 0.6,
		"hostile" : 1,
		"hotspots" : 
		[
			{
				"position" : [ 798.1162, 68.94597, 984.8932 ],
				"size" : 0.0,
				"text" : "mapname",
				"type" : -111
			}
		],
		"objects" : 
		[
			[
				0,
				0.0,
				0.0,
				1.077373,
				[ 744.6625, 69.81876, 986.8494 ]
			],
			[
				3,
				0.0,
				0.0,
				1.077373,
				[ 779.5486, 68.79093, 976.2725 ]
			],
			[
				4,
				131.0,
				0.0,
				1.0,
				[ 779.5486, 68.79093, 976.2725 ]
			],
			[
				3,
				0.0,
				0.0,
				1.077373,
				[ 772.3729, 69.29018, 976.7224 ]
			],
			[
				4,
				-161.0,
				0.0,
				1.0,
				[ 772.3729, 69.29018, 976.7224 ]
			],
			[
				3,
				0.0,
				0.0,
				1.077373,
				[ 761.1728, 69.72577, 976.7422 ]
			],
			[
				4,
				-201.0,
				0.0,
				1.0,
				[ 761.1728, 69.72577, 976.7422 ]
			],
			[
				3,
				0.0,
				0.0,
				1.077373,
				[ 756.3105, 69.56913, 993.2823 ]
			],
			[
				4,
				185.0,
				0.0,
				1.0,
				[ 756.3105, 69.56913, 993.2823 ]
			],
			[
				3,
				0.0,
				0.0,
				1.077373,
				[ 773.741, 68.42616, 992.0512 ]
			],
			[
				4,
				-111.0,
				0.0,
				1.0,
				[ 773.741, 68.42616, 992.0512 ]
			],
			[
				3,
				0.0,
				0.0,
				1.077373,
				[ 780.8143, 67.59574, 991.2286 ]
			],
			[
				4,
				-151.0,
				0.0,
				1.0,
				[ 780.8143, 67.59574, 991.2286 ]
			],
			[
				7,
				0.0,
				0.0,
				1.947968,
				[ 740.1865, 68.1, 1020.815 ]
			],
			[
				7,
				0.0,
				0.0,
				1.947968,
				[ 745.0005, 69.23725, 964.6247 ]
			],
			[
				9,
				0.0,
				0.0,
				2.613064,
				[ 744.2383, 104.3482, 990.5198 ]
			],
			[
				6,
				0.0,
				0.0,
				0.4471574,
				[ 803.7657, 67.24226, 995.6124 ]
			],
			[
				6,
				190.0,
				0.0,
				0.5165075,
				[ 803.0297, 66.48006, 1013.03 ]
			],
			[
				6,
				164.0,
				0.0,
				0.6363559,
				[ 805.7996, 68.00413, 996.1872 ]
			],
			[
				6,
				-259.0,
				0.0,
				0.6363559,
				[ 804.1026, 67.91426, 984.8455 ]
			],
			[
				6,
				-201.0,
				0.0,
				0.6363559,
				[ 798.1116, 71.29917, 954.8066 ]
			],
			[
				6,
				-133.0,
				0.0,
				0.6363559,
				[ 782.1147, 78.53672, 919.3039 ]
			],
			[
				6,
				248.0,
				0.0,
				0.5352693,
				[ 751.1091, 69.11137, 973.5623 ]
			],
			[
				6,
				297.0,
				0.0,
				0.5352693,
				[ 736.516, 69.14856, 974.0637 ]
			],
			[
				6,
				-58.0,
				0.0,
				0.5352693,
				[ 714.9898, 69.09921, 968.5453 ]
			],
			[
				6,
				199.0,
				0.0,
				0.5352693,
				[ 735.7101, 70.57878, 993.7849 ]
			],
			[
				6,
				349.0,
				0.0,
				0.5352693,
				[ 752.2204, 69.97826, 995.0815 ]
			],
			[
				6,
				215.0,
				0.0,
				0.5352693,
				[ 753.0586, 69.30592, 977.8332 ]
			],
			[
				6,
				-4.0,
				0.0,
				0.5352693,
				[ 736.0853, 69.19147, 977.7278 ]
			],
			[
				6,
				-202.0,
				0.0,
				0.5352693,
				[ 738.6845, 68.99979, 977.6752 ]
			],
			[
				5,
				-31.0,
				0.0,
				0.229065,
				[ 753.4539, 72.04533, 980.8203 ]
			],
			[
				5,
				309.0,
				0.0,
				0.229065,
				[ 753.2973, 72.29985, 989.5339 ]
			],
			[
				5,
				49.0,
				0.0,
				0.229065,
				[ 753.2364, 72.57524, 992.7482 ]
			],
			[
				5,
				-206.0,
				0.0,
				0.2622712,
				[ 753.2739, 72.31413, 990.1429 ]
			],
			[
				5,
				251.0,
				0.0,
				0.2622712,
				[ 753.4259, 72.0424, 982.2004 ]
			],
			[
				5,
				328.0,
				0.0,
				0.2622712,
				[ 753.2578, 72.46355, 991.6382 ]
			],
			[
				5,
				245.0,
				0.0,
				0.2622712,
				[ 744.0233, 73.39226, 994.9384 ]
			],
			[
				5,
				51.0,
				0.0,
				0.2622712,
				[ 729.6553, 72.53459, 982.6979 ]
			],
			[
				5,
				-251.0,
				0.0,
				0.2622712,
				[ 712.8904, 71.58904, 998.9264 ]
			],
			[
				5,
				-153.0,
				0.0,
				0.2622712,
				[ 675.1002, 71.97099, 1010.71 ]
			],
			[
				5,
				-170.0,
				0.0,
				0.2622712,
				[ 665.8567, 73.78762, 986.9864 ]
			],
			[
				5,
				-68.0,
				0.0,
				0.2622712,
				[ 656.1559, 74.53154, 977.2623 ]
			],
			[
				5,
				236.0,
				0.0,
				0.2622712,
				[ 675.6337, 74.57365, 969.2014 ]
			],
			[
				5,
				307.0,
				0.0,
				0.2622712,
				[ 696.6331, 74.20451, 941.1591 ]
			],
			[
				5,
				344.0,
				0.0,
				0.2622712,
				[ 671.5942, 86.68279, 916.3273 ]
			],
			[
				5,
				252.0,
				0.0,
				0.2622712,
				[ 698.2067, 85.72112, 898.3207 ]
			],
			[
				5,
				206.0,
				0.0,
				0.2622712,
				[ 742.7157, 84.27586, 900.9675 ]
			],
			[
				5,
				-52.0,
				0.0,
				0.2622712,
				[ 756.3646, 80.99775, 912.7506 ]
			],
			[
				5,
				-324.0,
				0.0,
				0.2622712,
				[ 763.5934, 74.86772, 934.3178 ]
			],
			[
				5,
				102.0,
				0.0,
				0.2622712,
				[ 774.8315, 73.43803, 960.6177 ]
			],
			[
				5,
				13.0,
				0.0,
				0.2622712,
				[ 770.0717, 69.20573, 1018.871 ]
			],
			[
				5,
				82.0,
				0.0,
				0.2622712,
				[ 782.2829, 70.14616, 991.2567 ]
			],
			[
				5,
				-354.0,
				0.0,
				0.2622712,
				[ 770.6616, 72.25993, 975.7396 ]
			],
			[
				5,
				-183.0,
				0.0,
				0.2622712,
				[ 777.9166, 71.69963, 976.041 ]
			],
			[
				5,
				203.0,
				0.0,
				0.2622712,
				[ 779.5235, 71.21696, 977.6537 ]
			],
			[
				6,
				162.0,
				0.0,
				0.4882143,
				[ 784.6122, 67.79959, 982.4124 ]
			],
			[
				6,
				-64.0,
				0.0,
				0.4882143,
				[ 787.5494, 67.47486, 985.7036 ]
			],
			[
				6,
				126.0,
				0.0,
				0.4882143,
				[ 771.4526, 68.67935, 986.2997 ]
			],
			[
				6,
				-136.0,
				0.0,
				0.4882143,
				[ 756.2789, 67.90187, 1016.339 ]
			]
		],
		"pathpoints" : 
		[
			{
				"connect" : [ 1 ],
				"pos" : [ 750.1013, 77.34669, 980.3307 ]
			},
			{
				"connect" : [ 2, 17 ],
				"pos" : [ 738.304, 77.14048, 979.2891 ]
			},
			{
				"connect" : [ 3 ],
				"pos" : [ 737.7369, 77.1348, 993.1543 ]
			},
			{
				"connect" : [ 0, 4 ],
				"pos" : [ 751.3038, 77.37153, 992.9796 ]
			},
			{
				"connect" : [ 5 ],
				"pos" : [ 761.6611, 71.37966, 1008.542 ]
			},
			{
				"connect" : [ 6 ],
				"pos" : [ 777.9169, 69.08012, 1015.281 ]
			},
			{
				"connect" : [ 7 ],
				"pos" : [ 777.273, 68.27831, 1029.94 ]
			},
			{
				"connect" : [ 8 ],
				"pos" : [ 768.2388, 68.9764, 1031.515 ]
			},
			{
				"connect" : [ 9 ],
				"pos" : [ 758.7535, 69.60869, 1032.085 ]
			},
			{
				"connect" : [ 13 ],
				"pos" : [ 745.4498, 69.60011, 1031.661 ]
			},
			{
				"connect" : [ 11 ],
				"pos" : [ 731.6756, 70.31822, 1031.142 ]
			},
			{
				"connect" : [ 12 ],
				"pos" : [ 721.4785, 71.25235, 1033.046 ]
			},
			{
				"connect" : [ 10 ],
				"pos" : [ 710.4067, 72.01338, 1035.46 ]
			},
			{
				"connect" : [ 14 ],
				"pos" : [ 701.3514, 72.59988, 1028.122 ]
			},
			{
				"connect" : [ 15 ],
				"pos" : [ 706.1307, 71.4283, 1014.282 ]
			},
			{
				"connect" : [ 16 ],
				"pos" : [ 719.546, 71.42043, 1013.799 ]
			},
			{
				"connect" : [ 2 ],
				"pos" : [ 734.2233, 73.80009, 998.2414 ]
			},
			{
				"connect" : [ 18 ],
				"pos" : [ 713.3758, 72.50548, 977.0562 ]
			},
			{
				"connect" : [ 19 ],
				"pos" : [ 707.6249, 72.04056, 959.22 ]
			},
			{
				"connect" : [ 20 ],
				"pos" : [ 718.5798, 73.35519, 952.4514 ]
			},
			{
				"connect" : [ 21 ],
				"pos" : [ 732.9166, 74.04256, 951.5774 ]
			},
			{
				"connect" : [ 22 ],
				"pos" : [ 749.7439, 73.84515, 953.5486 ]
			},
			{
				"connect" : [ 23 ],
				"pos" : [ 766.1055, 74.17274, 956.2771 ]
			},
			{
				"connect" : [ 24 ],
				"pos" : [ 780.9577, 73.70424, 959.7332 ]
			},
			{
				"connect" : [ 25 ],
				"pos" : [ 782.2873, 72.63779, 969.3362 ]
			},
			{
				"connect" : [ 26 ],
				"pos" : [ 773.5886, 72.68571, 971.1421 ]
			},
			{
				"connect" : [ 0 ],
				"pos" : [ 757.7092, 72.77084, 971.4855 ]
			}
		],
		"players" : 
		[
			{
				"armor" : 
				{
					"head" : 1.0,
					"high" : 1.0,
					"low" : 1.0
				},
				"clothes" : 
				[
					{
						"path" : "Textures/HeadBand.png",
						"tintb" : 0.3,
						"tintg" : 0.5,