{
	"map" : 
	{
		"center" : [ 577.8259, 81.53246, 889.416 ],
		"dialogs" : null,
		"environment" : 2,
		"fadestart" : 0.6,
		"hostile" : 1,
		"objects" : 
		[
			[
				0,
				0.0,
				0.0,
				1.099779,
				[ 583.7415, 80.05121, 867.1774 ]
			],
			[
				0,
				0.0,
				0.0,
				1.099779,
				[ 608.1011, 79.89957, 864.2753 ]
			],
			[
				0,
				0.0,
				0.0,
				1.099779,
				[ 606.5187, 78.03846, 893.0176 ]
			],
			[
				0,
				0.0,
				0.0,
				1.099779,
				[ 580.337, 78.50482, 892.306 ]
			],
			[
				0,
				0.0,
				0.0,
				1.099779,
				[ 604.1127, 76.84142, 914.4471 ]
			],
			[
				0,
				0.0,
				0.0,
				1.099779,
				[ 579.9272, 77.65295, 916.3889 ]
			],
			[
				0,
				0.0,
				0.0,
				1.099779,
				[ 558.4733, 80.04119, 914.8821 ]
			],
			[
				0,
				0.0,
				0.0,
				1.099779,
				[ 559.8965, 80.40025, 889.3992 ]
			],
			[
				0,
				0.0,
				0.0,
				1.099779,
				[ 561.4066, 81.85938, 867.6608 ]
			],
			[
				6,
				89.0,
				0.0,
				0.7493827,
				[ 520.0733, 81.13124, 848.4097 ]
			],
			[
				6,
				-359.0,
				0.0,
				0.7493827,
				[ 485.4, 81.67484, 912.4529 ]
			],
			[
				6,
				-248.0,
				0.0,
				0.7493827,
				[ 519.278, 83.694, 948.9836 ]
			],
			[
				6,
				310.0,
				0.0,
				0.7493827,
				[ 555.0429, 80.52699, 973.4435 ]
			],
			[
				6,
				339.0,
				0.0,
				0.6657607,
				[ 550.3697, 82.14554, 922.9954 ]
			],
			[
				6,
				-73.0,
				0.0,
				0.6657607,
				[ 550.9261, 81.67984, 887.8542 ]
			],
			[
				6,
				-233.0,
				0.0,
				0.6657607,
				[ 564.3581, 82.78239, 870.3054 ]
			],
			[
				6,
				142.0,
				0.0,
				0.6657607,
				[ 562.0079, 81.59544, 858.4308 ]
			],
			[
				6,
				85.0,
				0.0,
				0.6657607,
				[ 577.2045, 81.31792, 857.8295 ]
			],
			[
				6,
				284.0,
				0.0,
				0.6657607,
				[ 617.6356, 83.03954, 858.8347 ]
			],
			[
				6,
				107.0,
				0.0,
				0.6657607,
				[ 615.6012, 79.31306, 873.0164 ]
			],
			[
				6,
				304.0,
				0.0,
				0.6657607,
				[ 615.2625, 81.23145, 897.1652 ]
			],
			[
				6,
				271.0,
				0.0,
				0.6657607,
				[ 605.5822, 77.06078, 922.7275 ]
			],
			[
				6,
				-348.0,
				0.0,
				0.6657607,
				[ 587.623, 76.94056, 900.6829 ]
			],
			[
				6,
				-176.0,
				0.0,
				0.6657607,
				[ 591.2596, 79.36248, 875.5634 ]
			],
			[
				6,
				332.0,
				0.0,
				0.5365608,
				[ 573.762, 81.64986, 882.9465 ]
			],
			[
				5,
				-289.0,
				0.0,
				0.2236326,
				[ 555.4764, 82.06523, 832.4202 ]
			],
			[
				5,
				182.0,
				0.0,
				0.2236326,
				[ 582.6738, 83.16093, 857.9141 ]
			],
			[
				5,
				-3.0,
				0.0,
				0.3284606,
				[ 619.0969, 93.48003, 833.3648 ]
			],
			[
				5,
				-304.0,
				0.0,
				0.3284606,
				[ 661.2884, 89.14262, 867.2325 ]
			],
			[
				5,
				-189.0,
				0.0,
				0.3284606,
				[ 628.069, 87.72789, 910.2316 ]
			],
			[
				5,
				-25.0,
				0.0,
				0.3284606,
				[ 590.2636, 81.06474, 943.6745 ]
			],
			[
				5,
				99.0,
				0.0,
				0.2440245,
				[ 601.6824, 79.90385, 922.6594 ]
			],
			[
				5,
				304.0,
				0.0,
				0.2440245,
				[ 607.4837, 81.37712, 922.7607 ]
			],
			[
				5,
				-344.0,
				0.0,
				0.2440245,
				[ 589.2203, 80.54106, 903.9205 ]
			],
			[
				5,
				180.0,
				0.0,
				0.2440245,
				[ 592.6697, 82.08904, 874.8094 ]
			],
			[
				5,
				17.0,
				0.0,
				0.2440245,
				[ 616.8359, 83.49162, 871.0149 ]
			],
			[
				3,
				275.0,
				0.0,
				0.2932413,
				[ 640.1273, 84.87918, 875.2667 ]
			],
			[
				4,
				149.0,
				0.0,
				1.0,
				[ 640.1273, 84.87918, 875.2667 ]
			],
			[
				3,
				101.0,
				0.0,
				0.2932413,
				[ 624.8532, 84.57162, 851.7333 ]
			],
			[
				4,
				-316.0,
				0.0,
				1.0,
				[ 624.8532, 84.57162, 851.7333 ]
			],
			[
				3,
				-59.0,
				0.0,
				0.581098,
				[ 590.1218, 82.40582, 827.7963 ]
			],
			[
				4,
				183.0,
				0.0,
				1.0,
				[ 590.1218, 82.40582, 827.7963 ]
			],
			[
				3,
				18.0,
				0.0,
				0.318806,
				[ 565.8544, 79.68642, 838.6916 ]
			],
			[
				4,
				-352.0,
				0.0,
				1.0,
				[ 565.8544, 79.68642, 838.6916 ]
			],
			[
				3,
				86.0,
				0.0,
				0.7657151,
				[ 510.7353, 78.83813, 870.4323 ]
			],
			[
				4,
				-193.0,
				0.0,
				1.0,
				[ 510.7353, 78.83813, 870.4323 ]
			],
			[
				3,
				-292.0,
				0.0,
				0.5522619,
				[ 504.333, 80.01115, 889.8606 ]
			],
			[
				3,
				10.0,
				0.0,
				0.320659,
				[ 523.2931, 81.85722, 920.4077 ]
			],
			[
				4,
				77.0,
				0.0,
				1.0,
				[ 523.2931, 81.85722, 920.4077 ]
			],
			[
				3,
				-153.0,
				0.0,
				0.6115689,
				[ 545.1419, 81.89299, 941.673 ]
			],
			[
				4,
				-268.0,
				0.0,
				1.0,
				[ 545.1419, 81.89299, 941.673 ]
			],
			[
				3,
				90.0,
				0.0,
				0.6115689,
				[ 570.765, 79.99691, 972.992 ]
			],
			[
				4,
				-38.0,
				0.0,
				1.0,
				[ 570.765, 79.99691, 972.992 ]
			],
			[
				6,
				0.0,
				0.0,
				0.5214259,
				[ 614.2845, 76.99277, 973.9218 ]
			]
		],
		"pathpoints" : 
		[
			{
				"connect" : [ 1 ],
				"pos" : [ 544.9283, 85.40154, 928.1224 ]
			},
			{
				"connect" : [ 2 ],
				"pos" : [ 568.6405, 83.74429, 931.0374 ]
			},
			{
				"connect" : [ 3 ],
				"pos" : [ 591.4829, 80.30033, 931.9908 ]
			},
			{
				"connect" : [ 4 ],
				"pos" : [ 617.8013, 84.36584, 930.7657 ]
			},
			{
				"connect" : [ 5 ],
				"pos" : [ 618.9506, 85.8922, 903.2014 ]
			},
			{
				"connect" : [ 6 ],
				"pos" : [ 619.5786, 84.28574, 878.2562 ]
			},
			{
				"connect" : [ 7 ],
				"pos" : [ 622.967, 86.89857, 852.3494 ]
			},
			{
				"connect" : [ 8 ],
				"pos" : [ 596.9144, 85.07896, 848.9267 ]
			},
			{
				"connect" : [ 9 ],
				"pos" : [ 571.3817, 82.8259, 849.7543 ]
			},
			{
				"connect" : [ 13 ],
				"pos" : [ 548.4932, 84.59187, 852.8633 ]
			},
			{
				"connect" : [ 11 ],
				"pos" : [ 545.8558, 85.21056, 876.5777 ]
			},
			{
				"connect" : [ 0, 12 ],
				"pos" : [ 544.949, 85.51311, 900.757 ]
			},
			{
				"connect" : [ 1, 10 ],
				"pos" : [ 569.1998, 82.55911, 902.9206 ]
			},
			{
				"connect" : [ 2, 4, 14 ],
				"pos" : [ 592.303, 79.96988, 903.1242 ]
			},
			{
				"connect" : [ 5, 7, 15 ],
				"pos" : [ 598.0564, 81.06136, 879.3832 ]
			},
			{
				"connect" : [ 8, 13, 12 ],
				"pos" : [ 569.5427, 85.52956, 879.3345 ]
			}
		],
		"players" : 
		[
			{
				"armor" : 
				{
					"head" : 1.0,
					"high" : 1.0,
					"low" : 1.0
				},
				"clothes" : 
				[
					{
						"path" : "Textures/FancyPantsCamoDesert.png",
						"tintb" : 0.5,
						"tintg" : 0.5,
						"tintr" : 0.5
					}
				],
				"coords" : [ 614.5032, 80.44467, 974.7205 ],
				"creature" : 0,
				"metal" : 
				{
					"head" : false,
					"high" : false,
					"low" : false
				},
				"power" : 1.111111,
				"protection" : 
				{
					"head" : 1.0,
					"high" : 1.0,
					"low" : 1.0
				},
				"speedmult" : 1.0,
				"targetyaw" : -522.4827,
				"weapons" : [ 1 ],
				"whichskin" : 0,
				"yaw" : -522.4827
			},
			{
				"armor" : 
				{
					"head" : 1.0,
					"high" : 1.0,
					"low" : 1.0
				},
				"coords" : [ 568.3303, 82.58414, 919.5909 ],
				"creature" : 1,
				"howactive" : 0,
				"immobile" : false,
				"metal" : 
				{
					"head" : false,
					"high" : false,
					"low" : false
				},
				"power" : 1.0,
				"proportions" : [ 1.0, 1.0, 1.0, 1.0 ],
				"protection" : 
				{
					"head" : 1.0,
					"high" : 1.0,
					"low" : 1.0
				},
				"scale" : 0.2,
				"speedmult" : 1.0,
				"waypoint" : 1,
				"waypoints" : 
				[
					{
						"pos" : [ 568.5941, 83.01472, 912.4905 ],
						"type" : 0
					},
					{
						"pos" : [ 568.0106, 83.45103, 926.8547 ],
						"type" : 0
					},
					{
						"pos" : [ 592.1313, 80.16658, 928.6188 ],
						"type" : 0
					},
					{
						"pos" : [ 593.5428, 80.34181, 904.7708 ],
						"type" : 0
					},
					{
						"pos" : [ 569.0245, 82.68356, 901.3344 ],
						"type" : 0
					}
				],
				"whichskin" : 2,
				"yaw" : -2.503479
			},
			{
				"armor" : 
				{
					"head" : 1.0,
					"high" : 1.0,
					"low" : 1.0
				},