{
	"map" : 
	{
		"center" : [ 753.1573, 161.9818, 620.2106 ],
		"dialogs" : null,
		"environment" : 0,
		"fadestart" : 0.6,
		"hostile" : 1,
		"objects" : 
		[
			[
				1,
				0.0,
				0.0,
				3.014414,
				[ 754.5214, 143.4059, 620.0675 ]
			],
			[
				3,
				0.0,
				0.0,
				1.081666,
				[ 773.3654, 163.3524, 639.8958 ]
			],
			[
				4,
				-132.0,
				0.0,
				1.0,
				[ 773.3654, 163.3524, 639.8958 ]
			],
			[
				3,
				0.0,
				0.0,
				1.081666,
				[ 773.7329, 163.3546, 626.2137 ]
			],
			[
				4,
				-147.0,
				0.0,
				1.0,
				[ 773.7329, 163.3546, 626.2137 ]
			],
			[
				3,
				0.0,
				0.0,
				1.081666,
				[ 773.579, 163.3479, 613.0833 ]
			],
			[
				4,
				34.0,
				0.0,
				1.0,
				[ 773.579, 163.3479, 613.0833 ]
			],
			[
				3,
				0.0,
				0.0,
				1.081666,
				[ 774.3696, 163.3584, 602.1915 ]
			],
			[
				4,
				31.0,
				0.0,
				1.0,
				[ 774.3696, 163.3584, 602.1915 ]
			],
			[
				3,
				0.0,
				0.0,
				1.081666,
				[ 735.6545, 162.6822, 600.4333 ]
			],
			[
				4,
				44.0,
				0.0,
				1.0,
				[ 735.6545, 162.6822, 600.4333 ]
			],
			[
				3,
				0.0,
				0.0,
				1.081666,
				[ 735.0087, 162.6732, 607.9969 ]
			],
			[
				4,
				68.0,
				0.0,
				1.0,
				[ 735.0087, 162.6732, 607.9969 ]
			],
			[
				3,
				0.0,
				0.0,
				1.081666,
				[ 734.481, 162.6669, 617.5623 ]
			],
			[
				4,
				57.0,
				0.0,
				1.0,
				[ 734.481, 162.6669, 617.5623 ]
			],
			[
				3,
				0.0,
				0.0,
				1.081666,
				[ 733.8331, 162.66, 631.9424 ]
			],
			[
				4,
				-40.0,
				0.0,
				1.0,
				[ 733.8331, 162.66, 631.9424 ]
			],
			[
				3,
				0.0,
				0.0,
				1.081666,
				[ 734.8353, 162.6799, 639.6276 ]
			],
			[
				4,
				-12.0,
				0.0,
				1.0,
				[ 734.8353, 162.6799, 639.6276 ]
			],
			[
				0,
				0.0,
				0.0,
				1.081666,
				[ 755.2958, 161.2176, 605.571 ]
			],
			[
				0,
				-304.0,
				0.0,
				0.3188365,
				[ 762.921, 165.0125, 633.666 ]
			],
			[
				0,
				39.0,
				0.0,
				0.3188365,
				[ 750.3738, 163.6664, 633.2639 ]
			],
			[
				0,
				-255.0,
				0.0,
				0.3188365,
				[ 756.4227, 164.817, 625.1265 ]
			],
			[
				0,
				60.0,
				0.0,
				0.3188365,
				[ 743.4392, 164.3077, 623.4454 ]
			],
			[
				6,
				351.0,
				0.0,
				0.7639307,
				[ 764.5164, 161.3887, 638.8712 ]
			],
			[
				6,
				-148.0,
				0.0,
				0.7639307,
				[ 756.6917, 161.2522, 639.1017 ]
			],
			[
				6,
				-94.0,
				0.0,
				0.7639307,
				[ 749.0999, 161.1194, 638.2627 ]
			],
			[
				6,
				6.0,
				0.0,
				0.7639307,
				[ 741.2592, 160.9823, 637.3607 ]
			],
			[
				6,
				-48.0,
				0.0,
				0.7639307,
				[ 745.0802, 161.0491, 637.5275 ]
			],
			[
				6,
				-116.0,
				0.0,
				0.7639307,
				[ 753.1412, 161.17, 638.3719 ]
			],
			[
				6,
				4.0,
				0.0,
				0.7639307,
				[ 768.8666, 161.4643, 637.8613 ]
			],
			[
				6,
				-106.0,
				0.0,
				0.7639307,
				[ 771.1039, 161.4908, 596.744 ]
			],
			[
				6,
				-318.0,
				0.0,
				0.7639307,
				[ 765.7866, 161.3982, 597.1505 ]
			],
			[
				6,
				28.0,
				0.0,
				0.7639307,
				[ 756.8653, 161.2423, 596.495 ]
			],
			[
				6,
				97.0,
				0.0,
				0.7639307,
				[ 748.704, 161.0998, 596.3525 ]
			],
			[
				6,
				-119.0,
				0.0,
				0.7639307,
				[ 741.9277, 160.9818, 597.243 ]
			],
			[
				6,
				341.0,
				0.0,
				0.7639307,
				[ 737.2867, 162.7098, 597.4163 ]
			]
		],
		"players" : 
		[
			{
				"armor" : 
				{
					"head" : 1.0,
					"high" : 1.0,
					"low" : 1.0
				},
				"clothes" : 
				[
					{
						"path" : "Textures/FancyPants.png",
						"tintb" : 0.2,
						"tintg" : 0.2,
						"tintr" : 0.2
					},
					{
						"path" : "Textures/HeadBand.png",
						"tintb" : 0.2,
						"tintg" : 0.2,
						"tintr" : 0.2
					}
				],
				"coords" : [ 753.6518, 168.6528, 603.1844 ],
				"creature" : 0,
				"metal" : 
				{
					"head" : false,
					"high" : false,
					"low" : false
				},
				"power" : 1.111111,
				"protection" : 
				{
					"head" : 1.0,
					"high" : 1.0,
					"low" : 1.0
				},
				"speedmult" : 1.0,
				"targetyaw" : -1802.493,
				"whichskin" : 0,
				"yaw" : -1804.593
			},
			{
				"armor" : 
				{
					"head" : 1.0,
					"high" : 1.0,
					"low" : 1.0
				},
				"clothes" : 
				[
					{
						"path" : "Textures/FancyPants.png",
						"tintb" : 0.1,
						"tintg" : 0.1,
						"tintr" : 0.1
					},
					{
						"path" : "Textures/FootWrap.png",
						"tintb" : 0.1,
						"tintg" : 0.1,
						"tintr" : 0.1
					},
					{
						"path" : "Textures/EarWrap.png",
						"tintb" : 0.1,
						"tintg" : 0.1,
						"tintr" : 0.1
					},
					{
						"path" : "Textures/LeatherWristRight.png",
						"tintb" : 0.1,
						"tintg" : 0.1,
						"tintr" : 0.1
					}
				],
				"coords" : [ 739.6104, 163.9454, 610.4556 ],
				"creature" : 0,
				"howactive" : 0,
				"immobile" : false,
				"metal" : 
				{
					"head" : false,
					"high" : false,
					"low" : false
				},
				"power" : 1.0,
				"proportions" : [ 1.0, 0.9999999, 1.0, 1.0 ],
				"protection" : 
				{
					"head" : 1.0,
					"high" : 1.0,
					"low" : 1.0
				},
				"scale" : 0.2,
				"speedmult" : 1.0,
				"waypoint" : 4,
				"waypoints" : 
				[
					{
						"pos" : [ 768.5098, 164.4462, 598.6735 ],
						"type" : 0
					},
					{
						"pos" : [ 768.5118, 164.4511, 614.7668 ],
						"type" : 0
					},
					{
						"pos" : [ 740.9327, 163.9696, 614.2136 ],
						"type" : 0
					},
					{
						"pos" : [ 740.5908, 163.9583, 596.5598 ],
						"type" : 0
					},
					{
						"pos" : [ 739.3192, 163.9415, 614.3613 ],
						"type" : 0
					},
					{
						"pos" : [ 765.7828, 164.4035, 614.9428 ],
						"type" : 0
					}
				],
				"weapons" : [ 1 ],
				"whichskin" : 7,
				"yaw" : -4.269029
			},
			{
				"armor" : 
				{
					"head" : 1.0,
					"high" : 1.0,
					"low" : 1.0
				},
				"clothes" : 
				[
					{
						"path" : "Textures/Pants.png",
						"tintb" : 0.3,
						"tintg" : 0.3,
						"tintr" : 0.0
					},
					{
						"path" : "Textures/HeadBand.png",
						"tintb" : 0.3,
						"tintg" : 0.3,
						"tintr" : 0.0
					}
				],
				"coords" : [ 762.5859, 164.3519, 628.7413 ],
				"creature" : 0,
				"howactive" : 0,
				"immobile" : false,
				"metal" : 
				{
					"head" : false,
					"high" : false,
					"low" : false
				},
				"power" : 1.0,
				"proportions" : [ 1.0, 0.9999999, 1.0, 1.0 ],
				"protection" : 
				{
					"head" : 1.0,
					"high" : 1.0,
					"low" : 1.0
				},
				"scale" : 0.2,
				"speedmult" : 1.0,
				"waypoint" : 5,
				"waypoints" : 
				[
					{
						"pos" : [ 742.1099, 163.9956, 632.0699 ],
						"type" : 0
					},
					{
						"pos" : [ 748.4467, 164.1036, 623.6522 ],
						"type" : 0
					},
					{
						"pos" : [ 750.1606, 164.1323, 619.6742 ],
						"type" : 0
					},
					{
						"pos" : [ 760.5696, 164.3139, 619.4519 ],
						"type" : 0
					},
					{
						"pos" : [ 765.1304, 164.3956, 626.2319 ],
						"type" : 0
					},
					{
						"pos" : [ 755.9625, 164.237, 631.0667 ],
						"type" : 0
					},
					{
						"pos" : [ 748.4194, 164.104, 626.5983 ],
						"type" : 0
					},
					{
						"pos" : [ 737.9636, 163.9227, 630.5201 ],
						"type" : 0
					}
				],
				"whichskin" : 2,
				"yaw" : 17.77088
			},
			{
				"armor" : 
				{
					"head" : 1.0,
					"high" : 1.0,
					"low" : 1.0
				},
				"clothes" : 
				[
					{
						"path" : "Textures/FancyPants.png",
						"tintb" : 0.5,
						"tintg" : 0.5,
						"tintr" : 0.0
					}
				],
				"coords" : [ 743.8898, 164.0256, 628.6462 ],
				"creature" : 0,
				"howactive" : 0,
				"immobile" : false,
				"metal" : 
				{
					"head" : false,
					"high" : false,
					"low" : false
				},
				"power" : 1.0,
				"proportions" : [ 1.0, 0.9999999, 1.0, 1.0 ],
				"protection" : 
				{
					"head" : 1.0,
					"high" : 1.0,
					"low" : 1.0
				},
				"scale" : 0.2,
				"speedmult" : 1.0,
				"waypoint" : 1,
				"waypoints" : 
				[
					{
						"pos" : [ 739.4166, 163.9474, 628.0992 ],