{
	"map" : 
	{
		"center" : [ 624.4146, 73.17471, 1069.249 ],
		"dialogs" : null,
		"environment" : 0,
		"fadestart" : 0.6,
		"hostile" : 1,
		"objects" : 
		[
			[
				6,
				-90.0,
				0.0,
				0.1928693,
				[ 621.2879, 77.49318, 1081.544 ]
			],
			[
				6,
				-150.0,
				0.0,
				0.1928693,
				[ 620.6306, 77.87334, 1079.033 ]
			],
			[
				6,
				300.0,
				0.0,
				0.1928693,
				[ 619.1641, 77.92787, 1080.76 ]
			],
			[
				10,
				300.0,
				0.0,
				0.4262946,
				[ 620.4838, 77.79976, 1080.25 ]
			],
			[
				13,
				270.0,
				0.0,
				0.4262946,
				[ 620.5094, 77.79762, 1080.247 ]
			],
			[
				3,
				330.0,
				0.0,
				0.9429793,
				[ 640.4667, 76.22888, 1049.282 ]
			],
			[
				4,
				132.0,
				0.0,
				1.0,
				[ 640.4667, 76.22888, 1049.282 ]
			],
			[
				3,
				-120.0,
				0.0,
				0.9429793,
				[ 594.3428, 76.12517, 1074.115 ]
			],
			[
				4,
				-58.0,
				0.0,
				1.0,
				[ 594.3428, 76.12517, 1074.115 ]
			],
			[
				3,
				90.0,
				0.0,
				0.9429793,
				[ 608.8888, 76.4878, 1069.263 ]
			],
			[
				4,
				-241.0,
				0.0,
				1.0,
				[ 608.8888, 76.4878, 1069.263 ]
			],
			[
				3,
				-30.0,
				0.0,
				0.9429793,
				[ 636.1158, 75.33981, 1068.443 ]
			],
			[
				4,
				-99.0,
				0.0,
				1.0,
				[ 636.1158, 75.33981, 1068.443 ]
			],
			[
				3,
				90.0,
				0.0,
				0.9429793,
				[ 629.8462, 71.44668, 1098.225 ]
			],
			[
				4,
				281.0,
				0.0,
				1.0,
				[ 629.8462, 71.44668, 1098.225 ]
			],
			[
				3,
				-150.0,
				0.0,
				0.9429793,
				[ 603.8304, 73.76411, 1101.588 ]
			],
			[
				4,
				-294.0,
				0.0,
				1.0,
				[ 603.8304, 73.76411, 1101.588 ]
			],
			[
				3,
				-330.0,
				0.0,
				0.9429793,
				[ 575.3161, 76.09084, 1095.977 ]
			],
			[
				4,
				128.0,
				0.0,
				1.0,
				[ 575.3161, 76.09084, 1095.977 ]
			],
			[
				3,
				-210.0,
				0.0,
				0.9429793,
				[ 576.1487, 77.8754, 1060.863 ]
			],
			[
				4,
				241.0,
				0.0,
				1.0,
				[ 576.1487, 77.8754, 1060.863 ]
			],
			[
				3,
				-270.0,
				0.0,
				0.9429793,
				[ 601.2183, 80.67634, 1044.732 ]
			],
			[
				4,
				42.0,
				0.0,
				1.0,
				[ 601.2183, 80.67634, 1044.732 ]
			],
			[
				3,
				180.0,
				0.0,
				0.9429793,
				[ 625.6025, 75.08518, 1066.936 ]
			],
			[
				4,
				312.0,
				0.0,
				1.0,
				[ 625.6025, 75.08518, 1066.936 ]
			],
			[
				3,
				60.0,
				0.0,
				0.9429793,
				[ 622.602, 67.57357, 1131.179 ]
			],
			[
				4,
				173.0,
				0.0,
				1.0,
				[ 622.602, 67.57357, 1131.179 ]
			],
			[
				3,
				30.0,
				0.0,
				0.9429793,
				[ 598.6494, 72.85144, 1116.331 ]
			],
			[
				4,
				284.0,
				0.0,
				1.0,
				[ 598.6494, 72.85144, 1116.331 ]
			],
			[
				3,
				330.0,
				0.0,
				0.9429793,
				[ 562.5015, 74.79694, 1127.046 ]
			],
			[
				4,
				-54.0,
				0.0,
				1.0,
				[ 562.5015, 74.79694, 1127.046 ]
			],
			[
				3,
				0.0,
				0.0,
				0.9429793,
				[ 541.8351, 78.16006, 1068.916 ]
			],
			[
				4,
				-184.0,
				0.0,
				1.0,
				[ 541.8351, 78.16006, 1068.916 ]
			],
			[
				3,
				120.0,
				0.0,
				0.9429793,
				[ 586.1328, 78.32172, 1016.09 ]
			],
			[
				4,
				-219.0,
				0.0,
				1.0,
				[ 586.1328, 78.32172, 1016.09 ]
			],
			[
				3,
				-240.0,
				0.0,
				0.9429793,
				[ 624.715, 76.72169, 1019.49 ]
			],
			[
				4,
				202.0,
				0.0,
				1.0,
				[ 624.715, 76.72169, 1019.49 ]
			],
			[
				3,
				0.0,
				0.0,
				0.9429793,
				[ 676.9194, 70.68422, 1061.101 ]
			],
			[
				4,
				-223.0,
				0.0,
				1.0,
				[ 676.9194, 70.68422, 1061.101 ]
			],
			[
				3,
				300.0,
				0.0,
				0.9429793,
				[ 666.0986, 65.80188, 1104.357 ]
			],
			[
				4,
				215.0,
				0.0,
				1.0,
				[ 666.0986, 65.80188, 1104.357 ]
			],
			[
				6,
				300.0,
				0.0,
				0.3741215,
				[ 631.2289, 69.07775, 1116.996 ]
			],
			[
				5,
				-120.0,
				0.0,
				0.3291566,
				[ 634.1074, 68.01262, 1143.078 ]
			],
			[
				5,
				-240.0,
				0.0,
				0.3291566,
				[ 633.1879, 70.22343, 1122.1 ]
			],
			[
				5,
				150.0,
				0.0,
				0.3291566,
				[ 591.4352, 73.89909, 1124.495 ]
			],
			[
				5,
				-180.0,
				0.0,
				0.3291566,
				[ 582.1491, 78.46098, 1098.487 ]
			],
			[
				5,
				-150.0,
				0.0,
				0.3291566,
				[ 560.814, 81.30278, 1074.155 ]
			],
			[
				5,
				330.0,
				0.0,
				0.3291566,
				[ 581.6742, 80.28654, 1069.582 ]
			],
			[
				5,
				150.0,
				0.0,
				0.3291566,
				[ 597.3218, 79.51164, 1063.911 ]
			],
			[
				5,
				180.0,
				0.0,
				0.3291566,
				[ 603.9473, 81.68034, 1044.119 ]
			],
			[
				5,
				-240.0,
				0.0,
				0.3291566,
				[ 620.1233, 79.83281, 1042.77 ]
			],
			[
				5,
				-30.0,
				0.0,
				0.3291566,
				[ 627.3596, 78.69133, 1055.656 ]
			],
			[
				5,
				-120.0,
				0.0,
				0.3291566,
				[ 615.9113, 78.32805, 1067.882 ]
			],
			[
				5,
				0.0,
				0.0,
				0.3291566,
				[ 636.1793, 74.57512, 1085.362 ]
			],
			[
				5,
				-210.0,
				0.0,
				0.3291566,
				[ 645.2055, 70.7841, 1100.34 ]
			],
			[
				5,
				330.0,
				0.0,
				0.3291566,
				[ 621.6137, 74.85051, 1104.36 ]
			],
			[
				5,
				-150.0,
				0.0,
				0.3291566,
				[ 606.8398, 77.84941, 1080.91 ]
			]
		],
		"pathpoints" : 
		[
			{
				"connect" : [ 1 ],
				"pos" : [ 620.4406, 74.33152, 1104.899 ]
			},
			{
				"connect" : [ 2 ],
				"pos" : [ 621.2056, 76.86424, 1082.149 ]
			},
			{
				"connect" : [ 3 ],
				"pos" : [ 620.8402, 78.28403, 1057.616 ]
			},
			{
				"connect" : [ 4 ],
				"pos" : [ 608.0045, 79.43488, 1051.646 ]
			},
			{
				"connect" : [ 5 ],
				"pos" : [ 593.9093, 79.45347, 1060.776 ]
			},
			{
				"connect" : [ 1, 6 ],
				"pos" : [ 604.911, 77.89135, 1075.31 ]
			},
			{
				"connect" : [ 7 ],
				"pos" : [ 603.5605, 77.75616, 1081.766 ]
			},
			{
				"connect" : [ 8 ],
				"pos" : [ 566.7072, 80.06787, 1080.615 ]
			},
			{
				"connect" : [ 9 ],
				"pos" : [ 582.4807, 77.11029, 1106.419 ]
			},
			{
				"connect" : [ 10, 11 ],
				"pos" : [ 603.8658, 75.56892, 1106.446 ]
			},
			{
				"connect" : [ 1 ],
				"pos" : [ 614.0854, 77.55804, 1082.332 ]
			},
			{
				"connect" : [ 12 ],
				"pos" : [ 617.6247, 72.31378, 1120.616 ]
			},
			{
				"connect" : [ 13 ],
				"pos" : [ 633.4855, 71.77734, 1105.252 ]
			},
			{
				"connect" : [ 14 ],
				"pos" : [ 651.5908, 69.06867, 1103.315 ]
			},
			{
				"connect" : [ 15 ],
				"pos" : [ 646.5446, 73.14706, 1080.991 ]
			},
			{
				"connect" : [ 16 ],
				"pos" : [ 641.7418, 74.57185, 1076.398 ]
			},
			{
				"connect" : [ 1, 17 ],
				"pos" : [ 627.5546, 76.89643, 1075.482 ]
			},
			{
				"connect" : [ 18 ],
				"pos" : [ 633.1186, 77.04735, 1068.411 ]
			},
			{
				"connect" : [ 19 ],
				"pos" : [ 645.4175, 76.36285, 1062.955 ]
			},
			{
				"connect" : [ 20 ],
				"pos" : [ 664.104, 74.58973, 1042.217 ]
			},
			{
				"connect" : [ 21 ],
				"pos" : [ 650.1903, 74.94807, 1019.481 ]
			},
			{
				"connect" : [ 3 ],
				"pos" : [ 623.2029, 79.21457, 1033.453 ]
			}
		],
		"players" : 
		[
			{
				"armor" : 
				{
					"head" : 1.0,
					"high" : 1.0,
					"low" : 1.0
				},
				"clothes" : 
				[
					{
						"path" : "Textures/FancyPantsCamoArctic.png",
						"tintb" : 0.6,
						"tintg" : 0.6,
						"tintr" : 0.6
					},
					{
						"path" : "Textures/HeadBand.png",
						"tintb" : 0.7,
						"tintg" : 0.7,
						"tintr" : 0.7
					}
				],
				"coords" : [ 597.976, 83.82726, 1044.704 ],
				"creature" : 0,
				"metal" : 
				{
					"head" : false,
					"high" : false,
					"low" : false
				},
				"power" : 1.111111,
				"protection" : 
				{
					"head" : 1.0,
					"high" : 1.0,
					"low" : 1.0
				},
				"speedmult" : 1.0,
				"targetyaw" : -3565.855,
				"whichskin" : 0,
				"yaw" : -3565.855
			},
			{
				"armor" : 
				{
					"head" : 1.0,
					"high" : 1.0,
					"low" : 1.0
				},
				"clothes" : 
				[
					{
						"path" : "Textures/Pants.png",
						"tintb" : 0.1,
						"tintg" : 0.6,
						"tintr" : 0.6
					}
				],
				"coords" : [ 623.5938, 77.78049, 1073.175 ],