{
	"map" : 
	{
		"center" : [ 743.1896, 87.99147, 709.3239 ],
		"dialogs" : null,
		"environment" : 0,
		"fadestart" : 0.6,
		"hostile" : 1,
		"objects" : 
		[
			[
				3,
				0.0,
				0.0,
				1.211981,
				[ 740.8381, 80.40025, 712.8314 ]
			],
			[
				4,
				-15.0,
				0.0,
				1.0,
				[ 740.8381, 80.40025, 712.8314 ]
			],
			[
				3,
				0.0,
				0.0,
				1.211981,
				[ 722.524, 79.45254, 721.7857 ]
			],
			[
				4,
				-337.0,
				0.0,
				1.0,
				[ 722.524, 79.45254, 721.7857 ]
			],
			[
				3,
				0.0,
				0.0,
				1.211981,
				[ 712.5077, 78.31671, 737.8192 ]
			],
			[
				4,
				-196.0,
				0.0,
				1.0,
				[ 712.5077, 78.31671, 737.8192 ]
			],
			[
				3,
				0.0,
				0.0,
				1.211981,
				[ 710.7402, 77.76466, 751.7947 ]
			],
			[
				4,
				7.0,
				0.0,
				1.0,
				[ 710.7402, 77.76466, 751.7947 ]
			],
			[
				3,
				0.0,
				0.0,
				1.211981,
				[ 726.7737, 79.17173, 745.9362 ]
			],
			[
				4,
				-317.0,
				0.0,
				1.0,
				[ 726.7737, 79.17173, 745.9362 ]
			],
			[
				3,
				0.0,
				0.0,
				1.211981,
				[ 748.2476, 81.59973, 739.6387 ]
			],
			[
				4,
				-249.0,
				0.0,
				1.0,
				[ 748.2476, 81.59973, 739.6387 ]
			],
			[
				3,
				0.0,
				0.0,
				1.211981,
				[ 762.6924, 82.26921, 726.731 ]
			],
			[
				4,
				-277.0,
				0.0,
				1.0,
				[ 762.6924, 82.26921, 726.731 ]
			],
			[
				3,
				0.0,
				0.0,
				1.211981,
				[ 765.978, 81.26643, 706.3323 ]
			],
			[
				4,
				155.0,
				0.0,
				1.0,
				[ 765.978, 81.26643, 706.3323 ]
			],
			[
				3,
				0.0,
				0.0,
				1.211981,
				[ 781.2204, 80.88274, 707.3047 ]
			],
			[
				4,
				-272.0,
				0.0,
				1.0,
				[ 781.2204, 80.88274, 707.3047 ]
			],
			[
				3,
				0.0,
				0.0,
				1.211981,
				[ 791.9158, 82.30212, 721.0182 ]
			],
			[
				4,
				-192.0,
				0.0,
				1.0,
				[ 791.9158, 82.30212, 721.0182 ]
			],
			[
				3,
				0.0,
				0.0,
				1.211981,
				[ 794.0919, 84.2879, 737.5468 ]
			],
			[
				4,
				-126.0,
				0.0,
				1.0,
				[ 794.0919, 84.2879, 737.5468 ]
			],
			[
				3,
				0.0,
				0.0,
				1.211981,
				[ 813.4285, 98.08544, 749.3972 ]
			],
			[
				4,
				-90.0,
				0.0,
				1.0,
				[ 813.4285, 98.08544, 749.3972 ]
			],
			[
				3,
				0.0,
				0.0,
				1.211981,
				[ 801.6332, 103.8664, 767.0754 ]
			],
			[
				4,
				-226.0,
				0.0,
				1.0,
				[ 801.6332, 103.8664, 767.0754 ]
			],
			[
				3,
				0.0,
				0.0,
				0.79975,
				[ 804.854, 105.2683, 796.2318 ]
			],
			[
				4,
				304.0,
				0.0,
				1.0,
				[ 804.854, 105.2683, 796.2318 ]
			],
			[
				3,
				0.0,
				0.0,
				0.79975,
				[ 765.6038, 113.468, 815.3907 ]
			],
			[
				4,
				47.0,
				0.0,
				1.0,
				[ 765.6038, 113.468, 815.3907 ]
			],
			[
				3,
				0.0,
				0.0,
				0.79975,
				[ 740.4823, 111.8143, 807.8524 ]
			],
			[
				4,
				-348.0,
				0.0,
				1.0,
				[ 740.4823, 111.8143, 807.8524 ]
			],
			[
				3,
				0.0,
				0.0,
				0.79975,
				[ 657.624, 106.4255, 772.334 ]
			],
			[
				4,
				7.0,
				0.0,
				1.0,
				[ 657.624, 106.4255, 772.334 ]
			],
			[
				3,
				0.0,
				0.0,
				0.79975,
				[ 658.0167, 104.1868, 751.8873 ]
			],
			[
				4,
				-218.0,
				0.0,
				1.0,
				[ 658.0167, 104.1868, 751.8873 ]
			],
			[
				3,
				0.0,
				0.0,
				0.79975,
				[ 657.5034, 108.1047, 742.2946 ]
			],
			[
				4,
				49.0,
				0.0,
				1.0,
				[ 657.5034, 108.1047, 742.2946 ]
			],
			[
				3,
				0.0,
				0.0,
				0.79975,
				[ 652.1035, 109.3896, 728.9753 ]
			],
			[
				4,
				261.0,
				0.0,
				1.0,
				[ 652.1035, 109.3896, 728.9753 ]
			],
			[
				3,
				0.0,
				0.0,
				0.79975,
				[ 724.319, 77.95122, 695.5097 ]
			],
			[
				4,
				-248.0,
				0.0,
				1.0,
				[ 724.319, 77.95122, 695.5097 ]
			],
			[
				3,
				0.0,
				0.0,
				0.79975,
				[ 718.5225, 78.59995, 702.5344 ]
			],
			[
				4,
				-131.0,
				0.0,
				1.0,
				[ 718.5225, 78.59995, 702.5344 ]
			],
			[
				3,
				0.0,
				0.0,
				0.79975,
				[ 713.2874, 78.09498, 684.6335 ]
			],
			[
				4,
				127.0,
				0.0,
				1.0,
				[ 713.2874, 78.09498, 684.6335 ]
			],
			[
				3,
				0.0,
				0.0,
				0.79975,
				[ 725.9041, 76.41199, 674.0237 ]
			],
			[
				4,
				73.0,
				0.0,
				1.0,
				[ 725.9041, 76.41199, 674.0237 ]
			],
			[
				3,
				0.0,
				0.0,
				0.79975,
				[ 738.2887, 76.10204, 677.6447 ]
			],
			[
				4,
				41.0,
				0.0,
				1.0,
				[ 738.2887, 76.10204, 677.6447 ]
			],
			[
				3,
				0.0,
				0.0,
				0.79975,
				[ 746.9556, 78.55006, 692.6784 ]
			],
			[
				4,
				152.0,
				0.0,
				1.0,
				[ 746.9556, 78.55006, 692.6784 ]
			],
			[
				3,
				0.0,
				0.0,
				0.79975,
				[ 752.1398, 71.82934, 662.5727 ]
			],
			[
				4,
				139.0,
				0.0,
				1.0,
				[ 752.1398, 71.82934, 662.5727 ]
			],
			[
				3,
				0.0,
				0.0,
				0.79975,
				[ 763.5318, 70.04692, 642.7839 ]
			],
			[
				4,
				-284.0,
				0.0,
				1.0,
				[ 763.5318, 70.04692, 642.7839 ]
			],
			[
				3,
				0.0,
				0.0,
				0.79975,
				[ 778.5506, 73.4371, 628.7375 ]
			],
			[
				4,
				80.0,
				0.0,
				1.0,
				[ 778.5506, 73.4371, 628.7375 ]
			],
			[
				3,
				0.0,
				0.0,
				0.79975,
				[ 796.5125, 71.53394, 608.832 ]
			],
			[
				4,
				-48.0,
				0.0,
				1.0,
				[ 796.5125, 71.53394, 608.832 ]
			],
			[
				3,
				0.0,
				0.0,
				0.79975,
				[ 799.7213, 82.59273, 644.9902 ]
			],
			[
				4,
				-249.0,
				0.0,
				1.0,
				[ 799.7213, 82.59273, 644.9902 ]
			],
			[
				3,
				0.0,
				0.0,
				0.79975,
				[ 809.6223, 82.969, 668.3513 ]
			],
			[
				4,
				-82.0,
				0.0,
				1.0,
				[ 809.6223, 82.969, 668.3513 ]
			],
			[
				3,
				0.0,
				0.0,
				0.79975,
				[ 825.6639, 90.30082, 697.6609 ]
			],
			[
				4,
				-169.0,
				0.0,
				1.0,
				[ 825.6639, 90.30082, 697.6609 ]
			],
			[
				3,
				-236.0,
				0.0,
				0.56537,
				[ 775.5333, 83.82275, 736.9958 ]
			],
			[
				4,
				-312.0,
				0.0,
				1.0,
				[ 775.5333, 83.82275, 736.9958 ]
			],
			[
				3,
				236.0,
				0.0,
				0.7126981,
				[ 784.8546, 84.60309, 742.9266 ]
			],
			[
				4,
				108.0,
				0.0,
				1.0,
				[ 784.8546, 84.60309, 742.9266 ]
			],
			[
				3,
				-308.0,
				0.0,
				0.7126981,
				[ 767.2512, 108.6328, 780.719 ]
			],
			[
				4,
				-29.0,
				0.0,
				1.0,
				[ 767.2512, 108.6328, 780.719 ]
			],
			[
				3,
				-358.0,
				0.0,
				0.7126981,
				[ 740.1714, 78.10428, 650.1675 ]
			],
			[
				4,
				-359.0,
				0.0,
				1.0,
				[ 740.1714, 78.10428, 650.1675 ]
			],
			[
				3,
				-115.0,
				0.0,
				0.7126981,
				[ 714.3513, 80.14561, 641.239 ]
			],
			[
				4,
				-98.0,
				0.0,
				1.0,
				[ 714.3513, 80.14561, 641.239 ]
			],
			[
				3,
				-42.0,
				0.0,
				0.7126981,
				[ 689.7067, 86.69453, 651.1442 ]
			],
			[
				4,
				206.0,
				0.0,
				1.0,
				[ 689.7067, 86.69453, 651.1442 ]
			],
			[
				3,
				-16.0,
				0.0,
				0.7126981,
				[ 695.8187, 84.6503, 634.5587 ]
			],
			[
				4,
				79.0,
				0.0,
				1.0,
				[ 695.8187, 84.6503, 634.5587 ]
			],
			[
				3,
				91.0,
				0.0,
				0.7126981,
				[ 690.3801, 86.35905, 618.0509 ]
			],
			[
				4,
				180.0,
				0.0,
				1.0,
				[ 690.3801, 86.35905, 618.0509 ]
			],
			[
				3,
				271.0,
				0.0,
				0.7126981,
				[ 702.0343, 90.68205, 568.257 ]
			],
			[
				4,
				-84.0,
				0.0,
				1.0,
				[ 702.0343, 90.68205, 568.257 ]
			],
			[
				3,
				12.0,
				0.0,
				0.7126981,
				[ 714.051, 92.7613, 553.2377 ]
			],
			[
				4,
				272.0,
				0.0,
				1.0,
				[ 714.051, 92.7613, 553.2377 ]
			],
			[
				3,
				-211.0,
				0.0,
				0.7126981,
				[ 736.7517, 86.70094, 564.5054 ]
			],
			[
				4,
				169.0,
				0.0,
				1.0,
				[ 736.7517, 86.70094, 564.5054 ]
			],
			[
				3,
				136.0,
				0.0,
				0.7126981,
				[ 755.7482, 80.13775, 593.3511 ]
			],
			[
				4,
				-4.0,
				0.0,
				1.0,
				[ 755.7482, 80.13775, 593.3511 ]
			],
			[
				3,
				-64.0,
				0.0,
				0.7126981,
				[ 762.4714, 83.37077, 599.8083 ]
			],
			[
				4,
				276.0,
				0.0,
				1.0,
