{
	"map" : 
	{
		"center" : [ 743.1896, 87.99147, 709.3239 ],
		"dialogs" : null,
		"environment" : 0,
		"fadestart" : 0.6,
		"hostile" : 1,
		"objects" : 
		[
			[
				6,
				0.0,
				0.0,
				2.482129,
				[ 624.4268, 109.1406, 695.8704 ]
			],
			[
				6,
				90.0,
				0.0,
				2.482129,
				[ 607.5652, -404.7732, 704.4343 ]
			],
			[
				6,
				150.0,
				0.0,
				2.482129,
				[ 643.8992, 94.58684, 693.8635 ]
			],
			[
				6,
				210.0,
				0.0,
				2.72594,
				[ 626.5119, 83.22337, 674.5165 ]
			],
			[
				6,
				150.0,
				76.0,
				1.856893,
				[ 611.7507, 90.29482, 686.6628 ]
			],
			[
				6,
				30.0,
				136.0,
				1.420457,
				[ 614.9109, 93.55705, 703.0206 ]
			],
			[
				6,
				0.0,
				0.0,
				1.880152,
				[ 610.1669, 102.3515, 716.4662 ]
			],
			[
				6,
				-90.0,
				0.0,
				1.880152,
				[ 661.1556, 102.4667, 690.6746 ]
			],
			[
				6,
				60.0,
				96.0,
				2.063992,
				[ 673.7529, 100.5236, 726.7157 ]
			],
			[
				6,
				-60.0,
				-98.0,
				2.063992,
				[ 627.6356, 110.0381, 753.5735 ]
			],
			[
				6,
				300.0,
				-40.0,
				1.909568,
				[ 665.3522, 105.5326, 760.8038 ]
			],
			[
				5,
				210.0,
				-126.0,
				0.1279219,
				[ 660.0856, 110.9139, 745.1909 ]
			],
			[
				5,
				0.0,
				0.0,
				0.1451932,
				[ 636.7293, 113.583, 724.6628 ]
			],
			[
				5,
				-150.0,
				0.0,
				0.1451932,
				[ 650.5062, 111.5866, 736.2671 ]
			],
			[
				5,
				330.0,
				0.0,
				0.1451932,
				[ 651.0207, 109.9715, 761.7963 ]
			],
			[
				5,
				-240.0,
				0.0,
				0.1451932,
				[ 670.6053, 106.8385, 787.9229 ]
			],
			[
				5,
				0.0,
				0.0,
				0.1451932,
				[ 644.6561, 107.6949, 791.386 ]
			],
			[
				5,
				-120.0,
				0.0,
				0.1451932,
				[ 682.4779, 98.10124, 699.0808 ]
			],
			[
				5,
				30.0,
				0.0,
				0.1451932,
				[ 711.3786, 82.63396, 701.0706 ]
			],
			[
				5,
				30.0,
				0.0,
				0.1451932,
				[ 714.0317, 82.02934, 731.5714 ]
			],
			[
				5,
				300.0,
				0.0,
				0.1451932,
				[ 686.5916, 100.6885, 742.0737 ]
			],
			[
				5,
				0.0,
				0.0,
				0.1451932,
				[ 615.8251, 100.3263, 790.0955 ]
			],
			[
				5,
				-270.0,
				0.0,
				0.1451932,
				[ 601.9322, 104.5542, 773.4146 ]
			],
			[
				5,
				300.0,
				0.0,
				0.1451932,
				[ 591.6051, 101.3265, 744.1904 ]
			],
			[
				5,
				0.0,
				0.0,
				0.135845,
				[ 659.1656, 103.2747, 705.5223 ]
			],
			[
				5,
				90.0,
				0.0,
				0.135845,
				[ 578.2998, 92.21293, 729.4382 ]
			],
			[
				5,
				-180.0,
				0.0,
				0.135845,
				[ 553.001, 84.4771, 712.2291 ]
			],
			[
				5,
				-210.0,
				0.0,
				0.135845,
				[ 591.758, 88.44316, 698.1318 ]
			],
			[
				5,
				-300.0,
				0.0,
				0.135845,
				[ 591.5993, 85.37834, 673.4374 ]
			],
			[
				5,
				270.0,
				0.0,
				0.135845,
				[ 587.3593, 85.58635, 651.3259 ]
			],
			[
				5,
				120.0,
				0.0,
				0.176362,
				[ 602.254, 84.83122, 640.9305 ]
			],
			[
				5,
				-300.0,
				0.0,
				0.1,
				[ 644.1988, 82.59056, 633.815 ]
			],
			[
				5,
				300.0,
				0.0,
				0.141144,
				[ 650.4124, 81.77336, 606.0948 ]
			],
			[
				5,
				0.0,
				0.0,
				0.141144,
				[ 681.4272, 85.54131, 628.2475 ]
			],
			[
				5,
				-270.0,
				0.0,
				0.1,
				[ 680.7162, 84.82317, 637.7776 ]
			],
			[
				5,
				-120.0,
				0.0,
				0.150265,
				[ 698.1686, 90.36943, 685.027 ]
			],
			[
				6,
				30.0,
				0.0,
				1.487539,
				[ 587.2471, 102.5284, 756.1414 ]
			],
			[
				6,
				-30.0,
				0.0,
				1.487539,
				[ 600.2756, 99.69176, 796.1721 ]
			],
			[
				6,
				-90.0,
				0.0,
				1.619036,
				[ 627.9689, 103.4463, 795.2373 ]
			],
			[
				6,
				90.0,
				0.0,
				1.338685,
				[ 639.5641, 107.4916, 781.4544 ]
			],
			[
				6,
				240.0,
				0.0,
				1.432281,
				[ 666.3237, 107.6382, 803.9949 ]
			],
			[
				6,
				60.0,
				0.0,
				0.8933426,
				[ 697.671, 88.60175, 766.1901 ]
			],
			[
				6,
				-180.0,
				0.0,
				0.9876466,
				[ 704.8634, 88.68851, 715.6942 ]
			],
			[
				6,
				0.0,
				0.0,
				0.8977618,
				[ 702.7502, 83.31638, 696.1776 ]
			],
			[
				6,
				330.0,
				0.0,
				0.7944258,
				[ 694.2509, 86.65916, 657.976 ]
			],
			[
				6,
				-150.0,
				0.0,
				0.7944258,
				[ 690.3992, 88.05633, 650.9293 ]
			],
			[
				6,
				150.0,
				0.0,
				0.8508667,
				[ 627.7847, 78.53977, 630.052 ]
			],
			[
				6,
				210.0,
				0.0,
				0.8508667,
				[ 553.8974, 83.21983, 667.9681 ]
			],
			[
				6,
				-30.0,
				0.0,
				0.7869188,
				[ 556.9351, 82.16122, 681.0027 ]
			],
			[
				6,
				-210.0,
				0.0,
				0.7239238,
				[ 537.9669, 85.01046, 749.9389 ]
			]
		],
		"players" : 
		[
			{
				"armor" : 
				{
					"head" : 6.75,
					"high" : 6.75,
					"low" : 6.75
				},
				"clothes" : 
				[
					{
						"path" : "Textures/Fur.jpg",
						"tintb" : 1.0,
						"tintg" : 1.0,
						"tintr" : 1.0
					},
					{
						"path" : "Textures/FancyPants.png",
						"tintb" : 0.15,
						"tintg" : 0.15,
						"tintr" : 0.8
					},
					{
						"path" : "Textures/GiTeared.png",
						"tintb" : 0.15,
						"tintg" : 0.15,
						"tintr" : 0.8
					},
					{
						"path" : "Textures/ClHuo.png",
						"tintb" : 0.15,
						"tintg" : 0.15,
						"tintr" : 0.8
					},
					{
						"path" : "Textures/LeatherWristLeft.png",
						"tintb" : 0.0,
						"tintg" : 0.0,
						"tintr" : 1.0
					},
					{
						"path" : "Textures/LeatherWristRight.png",
						"tintb" : 0.0,
						"tintg" : 0.0,
						"tintr" : 1.0
					}
				],
				"coords" : [ 625.3737, 129.0003, 693.3945 ],
				"creature" : 0,
				"metal" : 
				{
					"head" : false,
					"high" : false,
					"low" : false
				},
				"power" : 1.111111,
				"protection" : 
				{
					"head" : 1.0,
					"high" : 1.0,
					"low" : 1.0
				},
				"speedmult" : 1.06,
				"targetyaw" : -2828.774,
				"whichskin" : 0,
				"yaw" : -2860.426
			},
			{
				"armor" : 
				{
					"head" : 6.75,
					"high" : 6.75,
					"low" : 6.75
				},
				"clothes" : 
				[
					{
						"path" : "Textures/GiBottom.png",
						"tintb" : 0.0,
						"tintg" : 0.0,
						"tintr" : 0.0
					},
					{
						"path" : "Textures/GiTop.png",
						"tintb" : 0.0,
						"tintg" : 0.0,
						"tintr" : 0.0
					},
					{
						"path" : "Textures/Mask.png",
						"tintb" : 0.0,
						"tintg" : 0.0,
						"tintr" : 0.0
					},
					{
						"path" : "Textures/EarWrap.png",
						"tintb" : 0.0,
						"tintg" : 0.0,
						"tintr" : 0.0
					}
				],
				"coords" : [ 648.1923, 112.1564, 769.4749 ],
				"creature" : 0,
				"howactive" : 0,
				"immobile" : false,
				"metal" : 
				{
					"head" : false,
					"high" : false,
					"low" : false
				},
				"power" : 1.05,
				"proportions" : [ 1.0, 0.9999999, 1.0, 1.0 ],
				"protection" : 
				{
					"head" : 1.0,
					"high" : 1.0,
					"low" : 1.0
				},
				"scale" : 0.2,
				"speedmult" : 1.05,
				"waypoint" : 0,
				"waypoints" : 
				[
					{
						"pos" : [ 643.7951, 110.5084, 769.854 ],
						"type" : 0
					},
					{
						"pos" : [ 645.5524, 111.0204, 763.2848 ],
						"type" : 0
					},
					{
						"pos" : [ 651.5961, 111.5555, 767.8357 ],
						"type" : 0
					}
				],
				"weapons" : [ 1 ],
				"whichskin" : 1,
				"yaw" : 5221.824
			},
			{
				"armor" : 
				{
					"head" : 6.75,
					"high" : 6.75,
					"low" : 6.75
				},
				"clothes" : 
				[
					{
						"path" : "Textures/GiBottom.png",
						"tintb" : 0.0,
						"tintg" : 0.0,
						"tintr" : 0.0
					},
					{
						"path" : "Textures/GiTop.png",
						"tintb" : 0.0,
						"tintg" : 0.0,
						"tintr" : 0.0
					},
					{
						"path" : "Textures/Mask.png",
						"tintb" : 0.0,
						"tintg" : 0.0,
						"tintr" : 0.0
					},
					{
						"path" : "Textures/EarWrap.png",
						"tintb" : 0.0,
						"tintg" : 0.0,
						"tintr" : 0.0
					}
				],
				"coords" : [ 655.8766, 111.0892, 779.4888 ],
				"creature" : 0,
				"howactive" : 0,
				"immobile" : false,
				"metal" : 
				{
					"head" : false,
					"high" : false,
					"low" : false
				},
				"power" : 1.05,