{
	"map" : 
	{
		"center" : [ 743.1896, 87.99147, 709.3239 ],
		"dialogs" : null,
		"environment" : 0,
		"fadestart" : 0.6,
		"hostile" : 1,
		"objects" : 
		[
			[
				6,
				90.0,
				181.0,
				1.49069,
				[ 618.7725, 90.88359, 696.9641 ]
			],
			[
				6,
				90.0,
				181.0,
				1.49069,
				[ 598.9893, 95.44211, 725.7097 ]
			],
			[
				6,
				90.0,
				181.0,
				1.49069,
				[ 577.9357, 85.21107, 709.9047 ]
			],
			[
				6,
				90.0,
				181.0,
				1.49069,
				[ 601.1188, 86.95004, 682.1667 ]
			],
			[
				6,
				90.0,
				181.0,
				1.49069,
				[ 582.5067, 84.55041, 661.8282 ]
			],
			[
				6,
				90.0,
				181.0,
				1.49069,
				[ 556.5941, 83.47062, 693.3328 ]
			],
			[
				6,
				90.0,
				181.0,
				1.49069,
				[ 538.3534, 82.70515, 676.3083 ]
			],
			[
				6,
				90.0,
				181.0,
				1.49069,
				[ 563.0726, 84.95368, 646.4103 ]
			],
			[
				6,
				90.0,
				181.0,
				1.49069,
				[ 504.9629, 81.58723, 670.7603 ]
			],
			[
				6,
				90.0,
				181.0,
				1.49069,
				[ 480.5849, 80.89799, 648.6074 ]
			],
			[
				6,
				90.0,
				181.0,
				1.49069,
				[ 485.6392, 82.17373, 616.3553 ]
			],
			[
				6,
				90.0,
				181.0,
				1.49069,
				[ 507.0687, 80.66057, 595.605 ]
			],
			[
				6,
				90.0,
				181.0,
				1.396495,
				[ 537.8945, 83.8111, 596.2864 ]
			],
			[
				6,
				90.0,
				181.0,
				1.396495,
				[ 560.052, 85.38676, 616.6754 ]
			],
			[
				8,
				90.0,
				181.0,
				0.1,
				[ 506.8394, -417.2319, 647.7859 ]
			],
			[
				12,
				90.0,
				181.0,
				0.1,
				[ 506.8394, -413.8502, 647.7859 ]
			],
			[
				8,
				90.0,
				181.0,
				0.1,
				[ 529.6625, -415.1835, 619.1702 ]
			],
			[
				12,
				90.0,
				181.0,
				0.1,
				[ 529.6625, -412.3958, 619.1702 ]
			],
			[
				10,
				0.0,
				0.0,
				0.2059499,
				[ 507.1585, -414.0528, 647.9453 ]
			],
			[
				10,
				0.0,
				0.0,
				0.2059499,
				[ 529.3718, -412.5865, 619.4064 ]
			],
			[
				3,
				180.0,
				1.0,
				1.087231,
				[ 538.6556, 81.40232, 698.1533 ]
			],
			[
				4,
				61.0,
				1.649199,
				1.0,
				[ 538.6556, 81.40232, 698.1533 ]
			],
			[
				3,
				240.0,
				1.0,
				1.157052,
				[ 471.9427, 79.8309, 678.4279 ]
			],
			[
				4,
				-253.0,
				1.649199,
				1.0,
				[ 471.9427, 79.8309, 678.4279 ]
			],
			[
				3,
				-30.0,
				1.0,
				1.241542,
				[ 476.1011, 78.29025, 624.3757 ]
			],
			[
				4,
				3.0,
				1.649199,
				1.0,
				[ 476.1011, 78.29025, 624.3757 ]
			],
			[
				3,
				-330.0,
				1.0,
				0.7408562,
				[ 477.4804, 78.60138, 588.6299 ]
			],
			[
				4,
				-87.0,
				1.649199,
				1.0,
				[ 477.4804, 78.60138, 588.6299 ]
			],
			[
				3,
				-180.0,
				1.0,
				1.012669,
				[ 507.4018, 77.69373, 570.4316 ]
			],
			[
				4,
				-129.0,
				1.649199,
				1.0,
				[ 507.4018, 77.69373, 570.4316 ]
			],
			[
				3,
				120.0,
				1.0,
				1.231604,
				[ 542.5814, 77.48058, 570.6975 ]
			],
			[
				4,
				-233.0,
				1.649199,
				1.0,
				[ 542.5814, 77.48058, 570.6975 ]
			],
			[
				3,
				-90.0,
				1.0,
				0.6404219,
				[ 548.9692, 81.78141, 596.1763 ]
			],
			[
				4,
				-159.0,
				1.649199,
				1.0,
				[ 548.9692, 81.78141, 596.1763 ]
			],
			[
				3,
				-240.0,
				1.0,
				0.882611,
				[ 590.0932, 81.2979, 618.6583 ]
			],
			[
				4,
				-239.0,
				1.649199,
				1.0,
				[ 590.0932, 81.2979, 618.6583 ]
			],
			[
				3,
				-30.0,
				1.0,
				0.7064741,
				[ 583.5404, 82.10971, 613.8809 ]
			],
			[
				4,
				295.0,
				1.649199,
				1.0,
				[ 583.5404, 82.10971, 613.8809 ]
			],
			[
				3,
				180.0,
				1.0,
				0.9077249,
				[ 598.6324, 81.5232, 641.4821 ]
			],
			[
				4,
				278.0,
				1.649199,
				1.0,
				[ 598.6324, 81.5232, 641.4821 ]
			],
			[
				3,
				0.0,
				1.0,
				0.6880279,
				[ 622.2522, 78.24947, 636.4377 ]
			],
			[
				4,
				249.0,
				1.649199,
				1.0,
				[ 622.2522, 78.24947, 636.4377 ]
			],
			[
				3,
				30.0,
				1.0,
				0.6880279,
				[ 628.0118, 81.96452, 654.7025 ]
			],
			[
				4,
				-356.0,
				1.649199,
				1.0,
				[ 628.0118, 81.96452, 654.7025 ]
			],
			[
				3,
				-150.0,
				1.0,
				1.260712,
				[ 629.9696, 82.1841, 661.548 ]
			],
			[
				4,
				134.0,
				1.649199,
				1.0,
				[ 629.9696, 82.1841, 661.548 ]
			],
			[
				3,
				-180.0,
				1.0,
				1.260712,
				[ 578.9924, 92.45031, 737.7791 ]
			],
			[
				4,
				-94.0,
				1.649199,
				1.0,
				[ 578.9924, 92.45031, 737.7791 ]
			],
			[
				3,
				0.0,
				1.0,
				1.418448,
				[ 568.0076, 91.22904, 745.5566 ]
			],
			[
				4,
				315.0,
				1.649199,
				1.0,
				[ 568.0076, 91.22904, 745.5566 ]
			],
			[
				3,
				60.0,
				1.0,
				1.256118,
				[ 546.634, 88.39977, 750.0635 ]
			],
			[
				4,
				-341.0,
				1.649199,
				1.0,
				[ 546.634, 88.39977, 750.0635 ]
			],
			[
				3,
				90.0,
				1.0,
				1.256118,
				[ 537.0369, 85.06729, 740.2192 ]
			],
			[
				4,
				-68.0,
				1.649199,
				1.0,
				[ 537.0369, 85.06729, 740.2192 ]
			],
			[
				3,
				150.0,
				1.0,
				0.9970891,
				[ 514.2676, 81.87082, 717.2081 ]
			],
			[
				4,
				-121.0,
				1.649199,
				1.0,
				[ 514.2676, 81.87082, 717.2081 ]
			],
			[
				3,
				0.0,
				1.0,
				1.259862,
				[ 483.6892, 84.78763, 712.2919 ]
			],
			[
				4,
				-348.0,
				1.649199,
				1.0,
				[ 483.6892, 84.78763, 712.2919 ]
			],
			[
				6,
				0.0,
				0.0,
				1.181289,
				[ 522.6302, 83.22047, 632.5162 ]
			],
			[
				0,
				0.0,
				0.0,
				0.6494242,
				[ 522.1053, 80.70697, 666.8922 ]
			],
			[
				0,
				90.0,
				0.0,
				0.6494242,
				[ 493.3432, 80.53167, 637.8616 ]
			],
			[
				0,
				180.0,
				0.0,
				0.6494242,
				[ 522.5277, 81.95105, 605.6283 ]
			],
			[
				0,
				270.0,
				0.0,
				0.6494242,
				[ 548.6145, 83.86659, 634.6819 ]
			],
			[
				8,
				0.0,
				0.0,
				0.196748,
				[ 565.5559, -415.1508, 659.957 ]
			],
			[
				8,
				0.0,
				0.0,
				0.196748,
				[ 565.5559, -411.0816, 659.957 ]
			],
			[
				8,
				0.0,
				0.0,
				0.196748,
				[ 565.5559, -405.9968, 659.957 ]
			],
			[
				8,
				0.0,
				0.0,
				0.196748,
				[ 565.5559, -402.1733, 659.957 ]
			],
			[
				8,
				0.0,
				0.0,
				0.196748,
				[ 547.2449, -415.9687, 680.8179 ]
			],
			[
				8,
				0.0,
				0.0,
				0.196748,
				[ 547.2449, -412.373, 680.8179 ]
			],
			[
				8,
				0.0,
				0.0,
				0.196748,
				[ 547.2449, -408.5049, 680.8179 ]
			],
			[
				8,
				0.0,
				0.0,
				0.196748,
				[ 547.2449, -405.9001, 680.8179 ]
			],
			[
				8,
				0.0,
				0.0,
				0.196748,
				[ 547.2449, -403.5298, 680.8179 ]
			],
			[
				12,
				0.0,
				179.0,
				0.156047,
				[ 565.0411, -397.3527, 659.7173 ]
			],
			[
				12,
				180.0,
				179.0,
				0.152815,
				[ 547.2813, -399.012, 680.8492 ]
			]
		],
		"players" : 
		[
			{
				"armor" : 
				{
					"head" : 76.88672,
					"high" : 76.88672,
					"low" : 76.88672
				},
				"clothes" : 
				[
					{
						"path" : "Textures/GiBottom.png",
						"tintb" : 1.0,
						"tintg" : 1.0,
						"tintr" : 1.0
					},
					{
						"path" : "Textures/GiTop.png",
						"tintb" : 1.0,
						"tintg" : 1.0,
						"tintr" : 1.0
					},
					{
						"path" : "Textures/ClFeng.png",
						"tintb" : 1.0,
						"tintg" : 1.0,
						"tintr" : 1.0
					}
				],
				"coords" : [ 579.2817, 93.17448, 669.2131 ],
				"creature" : 0,
				"metal" : 
				{
					"head" : false,
					"high" : false,
					"low" : false
				},
				"power" : 1.111111,
				"protection" : 
				{
					"head" : 1.0,
					"high" : 1.0,
					"low" : 1.0
				},
				"speedmult" : 1.0,
				"targetyaw" : 286.2667,
				"whichskin" : 0,
				"yaw" : 244.1267
			},
			{
				"armor" : 
				{
					"head" : 6.75,
					"high" : 6.75,
					"low" : 6.75
				},
				"coords" : [ 522.743, 92.49924, 631.3858 ],
				"creature" : 1,
				"howactive" : 0,
				"immobile" : false,
				"metal" : 
				{
					"head" : false,
					"high" : false,
					"low" : false
				},
				"power" : 1.03,
				"proportions" : [ 1.0, 0.9999999, 1.0, 1.0 ],