{
	"map" : 
	{
		"center" : [ 763.2858, 71.14375, 986.1272 ],
		"dialogs" : null,
		"environment" : 1,
		"fadestart" : 0.5,
		"hostile" : 1,
		"objects" : 
		[
			[
				7,
				0.0,
				0.0,
				0.4114003,
				[ 711.3094, 69.32809, 984.0289 ]
			],
			[
				7,
				0.0,
				0.0,
				0.4114003,
				[ 695.5878, 68.35892, 983.3466 ]
			],
			[
				7,
				0.0,
				0.0,
				0.4114003,
				[ 725.5018, 70.05622, 983.0576 ]
			],
			[
				7,
				90.0,
				0.0,
				0.4114003,
				[ 733.2998, 70.41385, 992.1337 ]
			],
			[
				7,
				90.0,
				0.0,
				0.4114003,
				[ 734.6064, 70.31514, 1006.856 ]
			],
			[
				7,
				90.0,
				0.0,
				0.4114003,
				[ 734.152, 68.3346, 1020.657 ]
			],
			[
				7,
				90.0,
				0.0,
				0.4114003,
				[ 688.2865, 67.79959, 992.045 ]
			],
			[
				7,
				90.0,
				0.0,
				0.4114003,
				[ 689.0541, 68.88106, 1006.808 ]
			],
			[
				7,
				90.0,
				0.0,
				0.4114003,
				[ 688.4947, 69.75081, 1021.78 ]
			],
			[
				7,
				0.0,
				0.0,
				0.4114003,
				[ 698.0879, 69.59988, 1028.55 ]
			],
			[
				7,
				0.0,
				0.0,
				0.4114003,
				[ 711.8924, 69.21078, 1028.821 ]
			],
			[
				7,
				0.0,
				0.0,
				0.4114003,
				[ 726.843, 67.79959, 1030.316 ]
			],
			[
				8,
				0.0,
				0.0,
				0.4114003,
				[ 719.2209, 71.59227, 1030.307 ]
			],
			[
				8,
				0.0,
				0.0,
				0.4114003,
				[ 733.9763, 74.63068, 1028.213 ]
			],
			[
				8,
				0.0,
				0.0,
				0.4114003,
				[ 704.8795, 74.66298, 1027.997 ]
			],
			[
				8,
				0.0,
				0.0,
				0.4114003,
				[ 690.6359, 74.06487, 1027.506 ]
			],
			[
				8,
				0.0,
				0.0,
				0.4114003,
				[ 688.7028, 73.22001, 1013.898 ]
			],
			[
				8,
				0.0,
				0.0,
				0.4114003,
				[ 688.4507, 73.64878, 999.6183 ]
			],
			[
				8,
				0.0,
				0.0,
				0.4114003,
				[ 688.0288, 72.25285, 983.8883 ]
			],
			[
				8,
				0.0,
				0.0,
				0.4114003,
				[ 703.5096, 74.41733, 983.2355 ]
			],
			[
				8,
				0.0,
				0.0,
				0.4114003,
				[ 718.1267, 75.47419, 982.2485 ]
			],
			[
				8,
				0.0,
				0.0,
				0.4114003,
				[ 732.8115, 74.98119, 984.0264 ]
			],
			[
				8,
				0.0,
				0.0,
				0.4114003,
				[ 733.6129, 76.36688, 999.1925 ]
			],
			[
				8,
				0.0,
				0.0,
				0.4114003,
				[ 734.3325, 74.03363, 1013.915 ]
			],
			[
				0,
				0.0,
				0.0,
				0.4114003,
				[ 734.1982, 80.26469, 1013.434 ]
			],
			[
				0,
				0.0,
				0.0,
				0.4114003,
				[ 734.1592, 81.17244, 1028.006 ]
			],
			[
				0,
				0.0,
				0.0,
				0.4114003,
				[ 719.2939, 77.68371, 1030.507 ]
			],
			[
				0,
				0.0,
				0.0,
				0.4114003,
				[ 704.304, 80.38729, 1028.701 ]
			],
			[
				0,
				0.0,
				0.0,
				0.4114003,
				[ 689.7869, 79.5807, 1027.043 ]
			],
			[
				0,
				0.0,
				0.0,
				0.4114003,
				[ 688.7263, 79.59037, 1014.55 ]
			],
			[
				0,
				0.0,
				0.0,
				0.4114003,
				[ 687.8645, 79.83036, 999.1662 ]
			],
			[
				0,
				0.0,
				0.0,
				0.4114003,
				[ 688.0928, 77.90485, 984.8273 ]
			],
			[
				0,
				0.0,
				0.0,
				0.4114003,
				[ 704.1155, 79.90162, 984.1783 ]
			],
			[
				0,
				0.0,
				0.0,
				0.4114003,
				[ 718.3081, 80.52543, 982.2189 ]
			],
			[
				0,
				0.0,
				0.0,
				0.4114003,
				[ 733.1002, 81.05524, 983.9885 ]
			],
			[
				0,
				0.0,
				0.0,
				0.4114003,
				[ 733.3424, 81.3297, 998.7713 ]
			],
			[
				0,
				0.0,
				0.0,
				0.5737302,
				[ 713.1492, 71.55038, 1005.638 ]
			],
			[
				7,
				0.0,
				0.0,
				0.1,
				[ 702.954, 71.00758, 1019.437 ]
			],
			[
				7,
				0.0,
				0.0,
				0.1,
				[ 697.7772, 71.3483, 1019.243 ]
			],
			[
				7,
				0.0,
				0.0,
				0.1,
				[ 709.2089, 70.48724, 1019.486 ]
			],
			[
				7,
				0.0,
				0.0,
				0.1,
				[ 702.6365, 70.40092, 1014.122 ]
			],
			[
				7,
				0.0,
				0.0,
				0.1,
				[ 696.8638, 70.69762, 1014.195 ]
			],
			[
				7,
				0.0,
				0.0,
				0.1,
				[ 709.8367, 70.26793, 1014.866 ]
			],
			[
				7,
				0.0,
				0.0,
				0.1,
				[ 702.1882, 70.13982, 1008.585 ]
			],
			[
				7,
				0.0,
				0.0,
				0.1,
				[ 696.295, 70.75528, 1008.563 ]
			],
			[
				0,
				0.0,
				0.0,
				0.2154386,
				[ 718.4702, 72.88388, 1018.789 ]
			],
			[
				0,
				0.0,
				0.0,
				0.2154386,
				[ 727.1423, 71.84483, 1018.885 ]
			],
			[
				0,
				0.0,
				0.0,
				0.3791018,
				[ 723.8891, 72.46533, 993.5369 ]
			],
			[
				7,
				90.0,
				0.0,
				0.1,
				[ 727.2883, 71.49081, 1009.022 ]
			],
			[
				7,
				90.0,
				0.0,
				0.1,
				[ 727.0975, 71.83748, 1002.392 ]
			],
			[
				7,
				90.0,
				0.0,
				0.1,
				[ 722.1861, 71.97527, 1002.365 ]
			],
			[
				7,
				90.0,
				0.0,
				0.1,
				[ 721.8994, 71.49963, 1008.571 ]
			],
			[
				12,
				0.0,
				90.0,
				0.1,
				[ 718.2495, 75.18669, 1018.443 ]
			],
			[
				12,
				0.0,
				0.0,
				0.1,
				[ 724.353, 74.59657, 994.0812 ]
			],
			[
				7,
				90.0,
				0.0,
				0.1,
				[ 695.9786, 69.75766, 992.8849 ]
			],
			[
				7,
				90.0,
				0.0,
				0.1,
				[ 695.4745, 69.82983, 998.8445 ]
			],
			[
				7,
				90.0,
				0.0,
				0.1,
				[ 699.9549, 70.03093, 999.5316 ]
			],
			[
				7,
				90.0,
				0.0,
				0.1,
				[ 700.3312, 69.72152, 993.8555 ]
			],
			[
				3,
				90.0,
				0.0,
				0.3293418,
				[ 709.0942, 70.5042, 997.4237 ]
			],
			[
				4,
				409.0,
				0.509165,
				1.0,
				[ 709.0942, 70.5042, 997.4237 ]
			],
			[
				3,
				90.0,
				0.0,
				0.3293418,
				[ 717.0881, 71.0653, 997.6464 ]
			],
			[
				4,
				379.0,
				0.509165,
				1.0,
				[ 717.0881, 71.0653, 997.6464 ]
			],
			[
				3,
				90.0,
				0.0,
				0.3293418,
				[ 708.3392, 70.45119, 988.5275 ]
			],
			[
				4,
				221.0,
				0.509165,
				1.0,
				[ 708.3392, 70.45119, 988.5275 ]
			],
			[
				3,
				90.0,
				0.0,
				0.3293418,
				[ 717.9805, 71.16409, 987.9997 ]
			],
			[
				4,
				-155.0,
				0.509165,
				1.0,
				[ 717.9805, 71.16409, 987.9997 ]
			],
			[
				3,
				90.0,
				0.0,
				0.3293418,
				[ 717.7152, 71.27269, 993.1866 ]
			],
			[
				4,
				10.0,
				0.509165,
				1.0,
				[ 717.7152, 71.27269, 993.1866 ]
			],
			[
				3,
				90.0,
				0.0,
				0.3293418,
				[ 708.9042, 70.49064, 993.1278 ]
			],
			[
				4,
				426.0,
				0.509165,
				1.0,
				[ 708.9042, 70.49064, 993.1278 ]
			],
			[
				5,
				270.0,
				0.0,
				0.2171571,
				[ 698.7882, 70.89287, 986.0713 ]
			],
			[
				5,
				-240.0,
				0.0,
				0.2171571,
				[ 691.9815, 70.69841, 985.4428 ]
			],
			[
				5,
				-90.0,
				0.0,
				0.2171571,
				[ 689.9264, 70.50761, 988.2616 ]
			],
			[
				5,
				-240.0,
				0.0,
				0.2171571,
				[ 690.4094, 70.49956, 995.103 ]
			],
			[
				5,
				-150.0,
				0.0,
				0.2171571,
				[ 690.621, 71.27922, 1003.794 ]
			],
			[
				5,
				90.0,
				0.0,
				0.2171571,
				[ 691.0905, 71.89995, 1010.002 ]
			],
			[
				5,
				180.0,
				0.0,
				0.2171571,
				[ 691.1841, 72.18193, 1017.759 ]
			],
			[
				5,
				-60.0,
				0.0,
				0.2171571,
				[ 690.6407, 72.29985, 1023.273 ]
			],
			[
				5,
				-30.0,
				0.0,
				0.2171571,
				[ 694.2886, 72.29985, 1026.078 ]
			],
			[
				5,
				330.0,
				0.0,
				0.2171571,
				[ 701.1763, 72.29985, 1026.572 ]
			],
			[
				5,
				240.0,
				0.0,
				0.2171571,
				[ 708.7853, 72.22112, 1026.939 ]
			],
			[
				5,
				-210.0,
				0.0,
				0.2171571,
				[ 715.3656, 71.56303, 1027.359 ]
			],
			[
				5,
				-60.0,
				0.0,
				0.2171571,
				[ 723.0752, 70.79216, 1028.727 ]
			],
			[
				5,
				-30.0,
				0.0,
				0.2171571,
				[ 730.2181, 70.45891, 1028.189 ]
			],
			[
				5,
				210.0,
				0.0,
				0.2171571,
				[ 731.9213, 70.65337, 1024.464 ]
			],
			[
				5,
				0.0,
				0.0,
				0.2171571,
				[ 732.015, 71.27409, 1019.131 ]
			],
			[
				5,
				120.0,
				0.0,
				0.2171571,
				[ 732.3218, 72.76677, 1009.328 ]
			],
			[
				5,
				180.0,
				0.0,
				0.2171571,
				[ 731.7026, 73.27983, 1003.901 ]
			],
			[
				5,
				180.0,
				0.0,
				0.2171571,
				[ 731.7205, 73.41936, 995.476 ]
			],
			[
				5,
				300.0,
				0.0,
				0.2171571,
