{
	"map" : 
	{
		"center" : [ 753.1573, 161.9818, 620.2106 ],
		"dialogs" : null,
		"environment" : 1,
		"fadestart" : 0.6,
		"hostile" : 1,
		"hotspots" : 
		[
			{
				"position" : [ 1019.869, 78.67169, 468.5828 ],
				"size" : 0.0,
				"text" : "mapname",
				"type" : -111
			}
		],
		"objects" : 
		[
			[
				7,
				0.0,
				0.0,
				1.064551,
				[ 1023.553, 81.58528, 494.7322 ]
			],
			[
				7,
				30.0,
				0.0,
				1.064551,
				[ 1040.781, 80.46004, 488.9487 ]
			],
			[
				7,
				120.0,
				0.0,
				1.064551,
				[ 1002.636, 78.81798, 481.4067 ]
			],
			[
				7,
				120.0,
				0.0,
				1.064551,
				[ 1042.028, 74.73578, 469.1161 ]
			],
			[
				7,
				60.0,
				0.0,
				1.064551,
				[ 1006.532, 75.6674, 456.6743 ]
			],
			[
				3,
				60.0,
				0.0,
				1.064551,
				[ 1021.518, 70.77577, 427.2764 ]
			],
			[
				4,
				264.0,
				0.0,
				1.0,
				[ 1021.518, 70.77577, 427.2764 ]
			],
			[
				3,
				60.0,
				0.0,
				1.106848,
				[ 1003.977, 70.89307, 408.9236 ]
			],
			[
				4,
				-224.0,
				0.0,
				1.0,
				[ 1003.977, 70.89307, 408.9236 ]
			],
			[
				3,
				60.0,
				0.0,
				1.106848,
				[ 968.8301, 73.33925, 436.2235 ]
			],
			[
				4,
				-201.0,
				0.0,
				1.0,
				[ 968.8301, 73.33925, 436.2235 ]
			],
			[
				3,
				60.0,
				0.0,
				1.106848,
				[ 960.5475, 77.43336, 491.2318 ]
			],
			[
				4,
				-198.0,
				0.0,
				1.0,
				[ 960.5475, 77.43336, 491.2318 ]
			],
			[
				3,
				60.0,
				0.0,
				1.106848,
				[ 975.7235, 79.95388, 486.7571 ]
			],
			[
				4,
				-6.0,
				0.0,
				1.0,
				[ 975.7235, 79.95388, 486.7571 ]
			],
			[
				3,
				60.0,
				0.0,
				1.106848,
				[ 1002.818, 85.31567, 517.1834 ]
			],
			[
				4,
				396.0,
				0.0,
				1.0,
				[ 1002.818, 85.31567, 517.1834 ]
			],
			[
				3,
				60.0,
				0.0,
				1.106848,
				[ 1057.11, 88.80307, 547.1375 ]
			],
			[
				4,
				133.0,
				0.0,
				1.0,
				[ 1057.11, 88.80307, 547.1375 ]
			],
			[
				3,
				60.0,
				0.0,
				1.106848,
				[ 1085.038, 79.99828, 498.991 ]
			],
			[
				4,
				-65.0,
				0.0,
				1.0,
				[ 1085.038, 79.99828, 498.991 ]
			],
			[
				3,
				60.0,
				0.0,
				1.106848,
				[ 1098.528, 73.15899, 430.5009 ]
			],
			[
				4,
				-167.0,
				0.0,
				1.0,
				[ 1098.528, 73.15899, 430.5009 ]
			],
			[
				3,
				60.0,
				0.0,
				1.106848,
				[ 1050.434, 71.35513, 419.9874 ]
			],
			[
				4,
				-196.0,
				0.0,
				1.0,
				[ 1050.434, 71.35513, 419.9874 ]
			],
			[
				3,
				60.0,
				0.0,
				1.451806,
				[ 1046.348, 72.08111, 442.4589 ]
			],
			[
				4,
				158.0,
				0.0,
				1.0,
				[ 1046.348, 72.08111, 442.4589 ]
			],
			[
				3,
				60.0,
				0.0,
				1.451806,
				[ 1012.958, 73.55382, 440.4965 ]
			],
			[
				4,
				38.0,
				0.0,
				1.0,
				[ 1012.958, 73.55382, 440.4965 ]
			],
			[
				3,
				60.0,
				0.0,
				1.533651,
				[ 1034.172, 72.45286, 454.4816 ]
			],
			[
				4,
				121.0,
				0.0,
				1.0,
				[ 1034.172, 72.45286, 454.4816 ]
			],
			[
				5,
				-90.0,
				0.0,
				0.4352089,
				[ 1057.836, 75.34599, 444.4575 ]
			],
			[
				5,
				-90.0,
				0.0,
				0.4352089,
				[ 1047.566, 74.68681, 425.8671 ]
			],
			[
				5,
				-240.0,
				0.0,
				0.4352089,
				[ 1022.938, 73.41643, 428.1003 ]
			],
			[
				5,
				270.0,
				0.0,
				0.4352089,
				[ 1020.613, 72.83855, 404.7566 ]
			],
			[
				5,
				240.0,
				0.0,
				0.2320951,
				[ 1031.45, 71.83769, 397.3778 ]
			],
			[
				5,
				120.0,
				0.0,
				0.2320951,
				[ 1030.929, 73.2011, 424.0773 ]
			],
			[
				5,
				-90.0,
				0.0,
				0.2320951,
				[ 1035.243, 73.81633, 425.9161 ]
			],
			[
				5,
				-30.0,
				0.0,
				0.2320951,
				[ 1044.925, 74.70036, 441.5991 ]
			],
			[
				5,
				-60.0,
				0.0,
				0.2320951,
				[ 1038.472, 74.70036, 439.2679 ]
			],
			[
				5,
				-300.0,
				0.0,
				0.3593704,
				[ 1016.104, 76.17941, 442.8825 ]
			],
			[
				5,
				180.0,
				0.0,
				0.3593704,
				[ 1032.687, 75.23247, 455.3247 ]
			],
			[
				6,
				60.0,
				0.0,
				0.588519,
				[ 1017.062, 73.56956, 444.7519 ]
			],
			[
				6,
				60.0,
				0.0,
				0.588519,
				[ 1031.871, 72.68908, 456.7591 ]
			],
			[
				6,
				60.0,
				0.0,
				0.588519,
				[ 1045.079, 72.00029, 433.9074 ]
			],
			[
				6,
				60.0,
				0.0,
				0.588519,
				[ 1030.356, 70.19999, 408.4063 ]
			],
			[
				6,
				60.0,
				0.0,
				0.588519,
				[ 1012.347, 70.64273, 406.4229 ]
			],
			[
				6,
				60.0,
				0.0,
				0.588519,
				[ 1020.19, 70.19999, 414.4093 ]
			],
			[
				6,
				60.0,
				0.0,
				0.588519,
				[ 1037.081, 71.76711, 430.5897 ]
			],
			[
				6,
				60.0,
				0.0,
				0.6772473,
				[ 1041.057, 70.4353, 413.2928 ]
			],
			[
				6,
				-300.0,
				0.0,
				0.4729415,
				[ 1000.777, 77.49631, 472.0942 ]
			],
			[
				6,
				210.0,
				0.0,
				0.5425428,
				[ 1011.606, 80.89459, 491.6185 ]
			],
			[
				6,
				-300.0,
				0.0,
				0.5425428,
				[ 1029.575, 81.33015, 491.856 ]
			],
			[
				6,
				-300.0,
				0.0,
				0.5425428,
				[ 1046.202, 78.01302, 482.6274 ]
			]
		],
		"players" : 
		[
			{
				"armor" : 
				{
					"head" : 1.0,
					"high" : 1.0,
					"low" : 1.0
				},
				"clothes" : 
				[
					{
						"path" : "Textures/FancyPantsCamo.png",
						"tintb" : 1.0,
						"tintg" : 1.0,
						"tintr" : 1.0
					}
				],
				"coords" : [ 1019.869, 78.67169, 468.5828 ],
				"creature" : 0,
				"metal" : 
				{
					"head" : false,
					"high" : false,
					"low" : false
				},
				"power" : 1.111111,
				"protection" : 
				{
					"head" : 1.0,
					"high" : 1.0,
					"low" : 1.0
				},
				"speedmult" : 1.0,
				"targetyaw" : -516.6913,
				"whichskin" : 0,
				"yaw" : -347.2088
			},
			{
				"armor" : 
				{
					"head" : 1.0,
					"high" : 1.0,
					"low" : 1.0
				},
				"coords" : [ 1020.848, 299.9997, 474.7737 ],
				"creature" : 0,
				"howactive" : 0,
				"immobile" : false,
				"metal" : 
				{
					"head" : false,
					"high" : false,
					"low" : false
				},
				"power" : 1.0,
				"proportions" : [ 1.0, 0.9999999, 1.0, 1.0 ],
				"protection" : 
				{
					"head" : 1.0,
					"high" : 1.0,
					"low" : 1.0
				},
				"scale" : 0.2,
				"speedmult" : 1.0,
				"waypoint" : 0,
				"whichskin" : 1,
				"yaw" : 0.0
			}
		],
		"radius" : 47.96894,
		"skybox" : 
		{
			"b" : 0.5,
			"g" : 0.7,
			"lightb" : 0.5,
			"lightg" : 0.7,
			"lightr" : 1.0,
			"r" : 1.0,
			"texture" : true
		},
		"type" : 0,
		"viewdistance" : 100.0
	},
	"version" : 13
}